t_sec,airspeed,climb,altitude,throttle,heading,pitch,roll,yaw,is_boundary
0.0,16.2190036774,-1.55304789543,416.130004883,0.0,277.0,-2.64536690712,-0.891720175743,-81.8380813599,0
0.1,16.26143580271657,-1.5033344960195438,416.03983157973516,0.12108775230668561,276.7423664838005,-2.6216346107912516,-1.97565233707,-81.91081962732052,0
0.2,16.30386792803314,-1.4536210966090877,415.94965827647036,0.24217550461337123,276.4847329676009,-2.43275976181,-1.97565233707,-82.493019104,0
0.30000000000000004,16.346300053349708,-1.4039076971986315,415.8594849732055,0.36326325692005684,276.2270994514014,-2.43275976181,-1.97565233707,-82.493019104,0
0.4,16.387654777486997,-1.3662772657508817,415.774619793938,0.469999998808,275.97012059961617,-2.43275976181,-1.97565233707,-82.493019104,0
0.5,16.42099624762841,-1.4185148362795885,415.72923419446823,0.469999998808,275.7180108646791,-2.345643502232878,0.8195258367012022,-82.53819647423624,0
0.6000000000000001,16.454337717769825,-1.4707524068082953,415.6838485949985,0.469999998808,275.46590112974206,-1.1457690650477033,1.25172460079,-83.15912229080882,0
0.7000000000000001,16.48767918791124,-1.5229899773370021,415.63846299552876,0.469999998808,275.21379139480496,-1.08457815647,1.25172460079,-83.1906967163,0
0.8,16.51831056065248,-1.531745605725622,415.59755974784304,0.4706904674236817,275.103570236792,-1.08457815647,1.25172460079,-83.1906967163,0
0.9,16.53382135402513,-1.2979003013256043,415.5816651053479,0.47523330145777104,275.7849949763551,-1.08457815647,15.0244436264,-83.1906967163,0
1.0,16.549332147397777,-1.0640549969255866,415.56577046285275,0.4797761354918604,276.4664197159182,0.524385094643,15.0244436264,-84.1235427856,0
1.1,16.564842940770426,-0.8302096925255688,415.54987582035756,0.48431896952594977,277.1478444554813,0.524385094643,15.0244436264,-84.1235427856,0
1.2000000000000002,16.580353734143074,-0.5963643881255508,415.5339811778624,0.4888618035600391,277.8292691950444,0.524385094643,15.0244436264,-84.1235427856,0
1.3,16.614649213321297,-0.5245276844854994,415.5059245510486,0.4955553866360013,279.11107647939684,0.524385094643,24.137058637434578,-84.1235427856,0
1.4000000000000001,16.655224627135688,-0.5068523032013454,415.47380203421375,0.5029679896381716,280.59359849366274,0.7158959517809196,25.6706962585,-81.69112702224338,0
1.5,16.695800040950083,-0.4891769219171917,415.4416795173788,0.510380592640342,282.07612050792864,0.723904550076,25.6706962585,-81.5898208618,0
1.6,16.736375454764477,-0.47150154063303784,415.4095570005439,0.5177931956425122,283.55864252219453,0.723904550076,25.6706962585,-81.5898208618,0
1.7000000000000002,16.794233574390894,-0.31215395775561056,415.3453549659057,0.5288127831104671,285.4100480131993,0.723904550076,32.614725097873134,-81.5898208618,0
1.8,16.859417962997608,-0.09275046307876234,415.2675541823944,0.5413613984222959,287.4178259844376,-0.172236666083,34.7422065735,-75.2274017334,0
1.9000000000000001,16.924602351604317,0.12665303159808633,415.18975339888317,0.5539100137341247,289.42560395567597,-0.172236666083,34.7422065735,-75.2274017334,0
2.0,16.989786740211027,0.3460565262749346,415.1119526153719,0.5664586290459535,291.4333819269143,-0.172236666083,34.7422065735,-75.2274017334,0
2.1,17.08443499001191,-0.3261554063546104,415.03223432707233,0.5766645968148523,293.77722588859007,-0.172236666083,37.684830490582875,-75.2274017334,0
2.2,17.190667489608327,-1.3489220664654131,414.95176213709277,0.5859495103423755,296.25320027116874,-0.0234103926811427,41.2937850952,-70.28354064481431,0
2.3000000000000003,17.296899989204746,-2.371688726576216,414.87128994711327,0.5952344238698987,298.72917465374735,0.0606419406831,41.2937850952,-67.4841995239,0
2.4000000000000004,17.412617376339476,-2.7400328837775234,414.79280697659357,0.6017705511212287,301.2393702774475,0.0606419406831,41.68534653982652,-67.4841995239,0
2.5,17.53833654344226,-2.4182908534722314,414.716421630876,0.605408093080679,303.7856520774517,0.38489251215635656,43.44190979,-64.8001390366081,0
2.6,17.664055710545043,-2.0965488231669376,414.64003628515843,0.6090456350401292,306.3319338774558,0.818817079067,43.44190979,-59.6665229797,0
2.7,17.798194963557336,-1.8456750755267746,414.573871582727,0.613547841848112,309.12869855590054,0.818817079067,44.3832435608,-59.6665229797,0
2.8000000000000003,17.935329173012896,-1.6200086027377543,414.511342280432,0.6183576029479642,312.0145579679117,1.10143196583,44.3832435608,-52.4102935791,0
2.9000000000000004,18.072463382468456,-1.3943421299487342,414.448812978137,0.6231673640478164,314.9004173799229,1.10143196583,44.3832435608,-52.4102935791,0
3.0,18.209597591924016,-1.168675657159715,414.38628367584204,0.6279771251476686,317.786276791934,1.10143196583,44.3832435608,-52.4102935791,0
3.1,18.332538282526738,-1.096675547063226,414.34811592305385,0.629999995232,320.5429315824607,1.10143196583,44.82669883387822,-52.4102935791,0
3.2,18.445176580779375,-1.1362144552948938,414.32763104678673,0.629999995232,323.2058029555152,1.5932712219043381,45.5077171326,-44.31316846784538,0
3.3000000000000003,18.557814879032016,-1.1757533635265618,414.3071461705196,0.629999995232,325.8686743285697,1.80781793594,45.5077171326,-40.7888717651,0
3.4000000000000004,18.670453177284653,-1.2152922717582297,414.2866612942525,0.629999995232,328.53154570162417,1.80781793594,45.5077171326,-40.7888717651,0
3.5,18.783091475537294,-1.2548311799898975,414.2661764179854,0.629999995232,331.19441707467865,1.80781793594,45.5077171326,-40.7888717651,0
3.6,18.87237079450869,-0.9539546317670735,414.2794445403472,0.6319464038015382,334.14105146841285,1.80781793594,45.255287809121,-40.7888717651,0
3.7,18.951518356678996,-0.5054258006853732,414.30735273620274,0.6347370503844195,337.2107656371686,2.9311132431,45.2255935669,-27.203660965,0
3.8000000000000003,19.0306659188493,-0.05689696960367274,414.3352609320583,0.6375276969673008,340.2804798059244,2.9311132431,45.2255935669,-27.203660965,0
3.9000000000000004,19.107505734980474,0.3612907808314864,414.3678940807488,0.639695815534076,343.30417045101143,2.9311132431,45.2255935669,-27.203660965,0
4.0,19.166424163509365,0.54385716855275,414.4372200499321,0.6370295347862305,345.9704537416913,2.9311132431,46.1639213562,-27.203660965,0
4.1000000000000005,19.225342592038256,0.7264235562740151,414.5065460191154,0.6343632540383849,348.63673703237123,4.05559158325,46.1639213562,-16.7665042877,0
4.2,19.284261020567143,0.9089899439952787,414.5758719882987,0.6316969732905393,351.30302032305116,4.05559158325,46.1639213562,-16.7665042877,0
4.3,19.33570711788503,1.1929404476694465,414.65409631039415,0.629999995232,316.8305958463093,4.05559158325,46.42798560355253,-16.7665042877,0
4.4,19.374071252002867,1.654386198343947,414.7478991610708,0.629999995232,217.3386754998814,4.3860718647678665,46.8029403687,-10.382861737795118,0
4.5,19.412435386120706,2.1158319490184434,414.84170201174743,0.629999995232,117.84675515345438,4.59070968628,46.8029403687,-6.40115118027,0
4.6000000000000005,19.450799520238544,2.577277699692944,414.935504862424,0.629999995232,18.354834807026464,4.59070968628,46.8029403687,-6.40115118027,0
4.7,19.482687524148687,2.43989552077984,415.03702475391106,0.6277094198788733,5.290577537421402,4.59070968628,47.18042152022414,-6.40115118027,0
4.800000000000001,19.513393648405046,2.193228549343877,415.13995298853337,0.6250008195141263,7.999180485092163,4.23728656769,47.1942634583,3.53882718086,0
4.9,19.544099772661404,1.9465615779079157,415.2428812231556,0.6222922191493794,10.707783432762898,4.23728656769,47.1942634583,3.53882718086,0
5.0,19.57329851407302,1.677758614615761,415.344418025145,0.6196299817594106,13.444028033776705,4.23728656769,47.1942634583,3.53882718086,0
5.1000000000000005,19.59419907837736,1.2870965088315969,415.4382949586002,0.617222973608166,16.332440569949277,4.228762834040435,47.8063850403,3.787445600127685,0
5.2,19.615099642681706,0.896434403047436,415.5321718920554,0.6148159654569214,19.220853106121822,3.89381694794,47.8063850403,13.5676469803,0
5.300000000000001,19.636000206986047,0.5057722972632719,415.6260488255106,0.6124089573056768,22.109265642294393,3.89381694794,47.8063850403,13.5676469803,0
5.4,19.656900771290392,0.11511019147911106,415.7199257589658,0.6100019491544322,24.99767817846694,3.89381694794,47.8063850403,13.5676469803,0
5.5,19.673013570115703,0.6941811836219929,415.8045986191744,0.60674601160499,27.603204642684304,3.89381694794,48.0282058716,13.5676469803,0
5.6000000000000005,19.689122517247466,1.2740323131239264,415.88926407482865,0.6034893911031557,30.208503528825254,3.95090031624,48.0282058716,25.2289352417,0
5.7,19.70523146437923,1.8538834426258546,415.97392953048296,0.6002327706013215,32.81380241496618,3.95090031624,48.0282058716,25.2289352417,0
5.800000000000001,19.721238300113484,1.826773713439517,416.0522181982157,0.5957506912736554,35.3371281762824,3.9505237317683615,47.819152832,25.24373886910879,0
5.9,19.737237276360574,1.7529463680681585,416.13001604627476,0.591174288705444,37.85414448793931,3.73470568657,47.819152832,33.4929046631,0
6.0,19.753236252607667,1.6791190226967998,416.2078138943338,0.5865978861372325,40.371160799596225,3.73470568657,47.819152832,33.4929046631,0
6.1000000000000005,19.769235228854757,1.6052916773254404,416.28561174239286,0.582021483569021,42.88817711125316,3.73470568657,47.819152832,33.4929046631,0
6.2,19.78701701183332,1.419353775964733,416.35113916038597,0.5787534903642166,45.495792962528164,3.73470568657,47.49756886127676,33.4929046631,0
6.300000000000001,19.806209394447453,1.1447113018478001,416.40695791850385,0.576520742168654,48.1750933521842,3.14607810974,47.3077392578,44.4573936462,0
6.4,19.82540177706159,0.8700688277308697,416.4627766766217,0.5742879939730914,50.854393741840205,3.14607810974,47.3077392578,44.4573936462,0
6.5,19.844594159675722,0.5954263536139393,416.5185954347395,0.5720552457775288,53.533694131496205,3.14607810974,47.3077392578,44.4573936462,0
6.6000000000000005,19.863436199164706,0.442919198030469,416.57279658642113,0.569999992847,56.20504528641228,3.14607810974,47.3077392578,44.4573936462,0
6.7,19.878221546017315,1.704641156046375,416.6082671518652,0.569999992847,58.78435067328125,3.100268046774952,46.9881591797,45.209903415815134,0
6.800000000000001,19.893006892869924,2.966363114062293,416.6437377173093,0.569999992847,61.36365606015025,2.39416360855,46.9881591797,56.8604278564,0
6.9,19.90779223972253,4.228085072078199,416.6792082827534,0.569999992847,63.94296144701922,2.39416360855,46.9881591797,56.8604278564,0
7.0,19.935622585759045,2.4570191187769366,416.6964066253194,0.569999992847,66.46219260915527,2.39416360855,47.22813857917397,56.8604278564,0
7.1000000000000005,19.963747931462958,0.6173696866640759,416.71319175975907,0.569999992847,68.98006525251601,2.0492300440778926,47.3116416931,64.0111761763138,0
7.2,19.991873277166874,-1.222279745448768,416.72997689419867,0.569999992847,71.49793789587673,2.00162482262,47.3116416931,65.0293045044,0
7.300000000000001,20.025924691988582,-2.075656804440928,416.73072789301517,0.569999992847,74.08065042169584,2.00162482262,47.13371852717778,65.0293045044,0
7.4,20.068738886388196,-1.470649352951079,416.7077694828803,0.569999992847,76.7592406003985,1.8055468386049482,46.3703384399,67.5753088134268,0
7.5,20.111553080787814,-0.8656419014612295,416.6848110727454,0.569999992847,79.43783077910118,1.32830858231,46.3703384399,73.7727737427,0
7.6000000000000005,20.15436727518743,-0.26063444997137486,416.6618526626105,0.569999992847,82.11642095780387,1.32830858231,46.3703384399,73.7727737427,0
7.7,20.197181469587047,0.3443730015184747,416.6388942524756,0.569999992847,84.79501113650653,1.32830858231,46.3703384399,73.7727737427,0
7.800000000000001,20.243595903608817,0.9216310991440108,416.6149941171542,0.5705556815770034,87.44455140792697,1.32830858231,46.433012425641685,73.7727737427,0
7.9,20.306772301792897,1.3696939976115128,416.58670950594137,0.5736985410387543,89.95884137495457,1.1956339207657072,46.7742576599,77.2740696604958,0
8.0,20.369948699976973,1.8177568960790147,416.55842489472855,0.5768414005005051,92.47313134198217,0.817780554295,46.7742576599,87.2409896851,0
8.1,20.433125098161053,2.265819794546517,416.5301402835157,0.579984259962256,94.98742130900976,0.817780554295,46.7742576599,87.2409896851,0
8.200000000000001,20.514331487224794,1.39156704173631,416.5034827179759,0.579999983311,97.44754446869096,0.817780554295,46.892293232829886,87.2409896851,0
8.3,20.59562853170749,0.5106656400079606,416.476833333278,0.579999983311,99.90739527578768,0.6066033542931312,46.9269866943,95.15112837522287,0
8.4,20.676925576190186,-0.37023576172038863,416.4501839485802,0.579999983311,102.36724608288439,0.586603462696,46.9269866943,95.896232605,0
8.5,20.758222620672882,-1.251137163448738,416.42353456388236,0.579999983311,104.82709688998112,0.586603462696,46.9269866943,95.896232605,0
8.6,20.840700524527506,-2.033798939840307,416.3953680444533,0.5802890921399623,107.28910910468564,0.586603462696,46.9269866943,95.896232605,0
8.700000000000001,20.932120451712127,-2.0725440038998726,416.35571306629316,0.5827674691874308,109.76748851578465,0.586603462696,46.6335983276,95.896232605,0
8.8,21.023540378896744,-2.111289067959437,416.31605808813305,0.5852458462348994,112.24586792688362,-0.0394566170871,46.6335983276,108.104156494,0
8.9,21.11496030608136,-2.1500341320190017,416.27640310997293,0.587724223282368,114.72424733798259,-0.0394566170871,46.6335983276,108.104156494,0
9.0,21.20546190522711,-2.176340229246243,416.23630610514005,0.5894473886990543,117.202614720707,-0.0394566170871,46.6335983276,108.104156494,0
9.1,21.28564952811589,-2.062941119684567,416.1912445860875,0.5826885798111184,119.68084700969102,-0.0394566170871,46.681427002,108.104156494,0
9.200000000000001,21.365837151004673,-1.9495420101228889,416.14618306703494,0.5759297709231824,122.15907929867507,0.0159812550992,46.681427002,117.452217102,0
9.3,21.446024773893452,-1.8361429005612129,416.10112154798236,0.5691709620352465,124.63731158765908,0.0159812550992,46.681427002,117.452217102,0
9.4,21.526212396782235,-1.7227437909995367,416.0560600289298,0.5624121531473107,127.1155438766431,0.0159812550992,46.681427002,117.452217102,0
9.5,21.574416979914428,-1.2079136118526463,416.0370549709217,0.5556130037389754,129.4623313708916,0.0159812550992,43.29078586491558,117.452217102,0
9.600000000000001,21.604872775000754,-0.47031176924530405,416.03250978313935,0.5487914676109384,131.73617439772087,0.41562837098778704,41.5748786926,126.66960370536098,0
9.700000000000001,21.635328570087076,0.26729007336202515,416.02796459535705,0.5419699314829017,134.0100174245501,0.492990463972,41.5748786926,128.456085205,0
9.8,21.6657843651734,1.0048919159693543,416.0234194075747,0.5351483953548649,136.28386045137933,0.492990463972,41.5748786926,128.456085205,0
9.9,21.682673509537945,1.4856742641227123,416.03378022280293,0.5281193642300861,138.3761217906776,0.492990463972,41.5748786926,128.456085205,0
10.0,21.657815978911778,1.1761834500842996,416.0900091064184,0.5204518390238397,139.90962829438092,0.492990463972,36.6240119934,128.456085205,0
10.100000000000001,21.632958448285606,0.8666926360458814,416.1462379900338,0.5127843138175932,141.44313479808426,0.839597463608,36.6240119934,138.775817871,0
10.200000000000001,21.60810091765944,0.5572018220074688,416.20246687364926,0.5051167886113468,142.97664130178757,0.839597463608,36.6240119934,138.775817871,0
10.3,21.570213476573443,0.3409744900573458,416.2654265358807,0.49761540118889097,144.4769197432722,0.839597463608,36.6240119934,138.775817871,0
10.4,21.50618797890371,0.3118341054455454,416.34188816904737,0.4904472868773136,145.91054254862505,0.839597463608,31.0332889557,138.775817871,0
10.5,21.44216248123398,0.282693720833745,416.41834980221404,0.48327917256573627,147.3441653539779,2.40046525002,31.0332889557,144.077133179,0
10.600000000000001,21.378136983564247,0.2535533362219441,416.4948114353807,0.4761110582541588,148.77778815933078,2.40046525002,31.0332889557,144.077133179,0
10.700000000000001,21.31250087085179,0.2981673650792973,416.5739218421177,0.46902852060751915,150.19429563237614,2.40046525002,31.0332889557,144.077133179,0
10.8,21.237553449338844,0.7691713760196572,416.66834537334563,0.46244071989814484,151.51185572189996,2.40046525002,26.11481516724735,144.077133179,0
10.9,21.1626060278259,1.2401753869600172,416.7627689045736,0.45585291918877047,152.8294158114238,1.857044624758612,23.6590557098,149.60939696912385,0
11.0,21.087658606312953,1.7111793979003769,416.8571924358015,0.44926511847939615,154.1469759009476,1.67981600761,23.6590557098,151.41506958,0
11.100000000000001,21.012711184800004,2.182183408840745,416.95161596702945,0.44267731777002167,155.46453599047143,1.67981600761,23.6590557098,151.41506958,0
11.200000000000001,20.930952031590024,2.0333469517935594,417.06490969322715,0.43825765659583604,156.52270280455085,1.67981600761,22.69100063726373,151.41506958,0
11.3,20.84452920947846,1.4601351900412407,417.19112294493794,0.43532241750024797,157.40327537302935,1.4147066585391785,21.8060798645,154.56816624677208,0
11.4,20.758106387366894,0.8869234282889225,417.3173361966487,0.4323871784046599,158.28384794150782,1.27841556072,21.8060798645,156.188354492,0
11.5,20.673135788324682,0.3894941757783924,417.4356226693582,0.4295655876620693,159.21720930526897,1.27841556072,21.8060798645,156.188354492,0
11.600000000000001,20.59449051050058,0.2221441816020469,417.51938316292217,0.42723900512709334,160.38049821523563,1.275015128944598,21.642162510348907,156.24193755271446,0
11.700000000000001,20.515845232676476,0.054794187425704355,417.6031436564861,0.4249124225921175,161.5437871252023,1.06794655323,21.6381702423,159.52947998,0
11.8,20.437199954852375,-0.1125558067506382,417.68690415005005,0.42258584005714156,162.70707603516894,1.06794655323,21.6381702423,159.52947998,0
11.9,20.358554677028273,-0.27990580092698064,417.770664643614,0.42025925752216564,163.87036494513558,1.06794655323,21.6381702423,159.52947998,0
12.0,20.295045607252245,0.2244654256027706,417.7920387573973,0.419999986887,165.2042918555451,1.06794655323,24.79125264262699,159.52947998,0
12.100000000000001,20.23343483558739,0.8130801509305075,417.8055887221913,0.419999986887,166.5596192245706,-0.08938817454115,25.5950279236,164.13747714220543,0
12.200000000000001,20.171824063922536,1.401694876258234,417.81913868698535,0.419999986887,167.9149465935961,-0.127819299698,25.5950279236,164.451141357,0
12.3,20.112404776838606,1.7220779242163606,417.8172176293067,0.4213440695709889,169.26881639259122,-0.127819299698,25.5950279236,164.451141357,0
12.4,20.06178351745424,0.9656066114649703,417.7531859433172,0.4280841640668608,170.61683456862124,-0.127819299698,30.5307655334,164.451141357,0
12.5,20.01116225806988,0.20913529871358016,417.6891542573277,0.4348242585627327,171.9648527446513,-1.77661561966,30.5307655334,169.215194702,0
12.600000000000001,19.96899534159571,-0.4479828381117374,417.61659537875914,0.4421757321032922,173.32636024118074,-1.77661561966,30.5307655334,169.215194702,0
12.700000000000001,19.95479999192681,-0.7763866056179132,417.51582390703936,0.4515499802075844,174.73249775018002,-1.77661561966,34.2086677551,169.215194702,0
12.8,19.940604642257906,-1.1047903731240891,417.4150524353196,0.4609242283118767,176.13863525917927,-2.7621114254,34.2086677551,173.423782349,0
12.9,19.926409292589007,-1.433194140630265,417.31428096359986,0.4702984764161689,177.54477276817855,-2.7621114254,34.2086677551,173.423782349,0
13.0,19.912213942920104,-1.7615979081364408,417.2135094918801,0.4796727245204611,178.95091027717783,-2.7621114254,34.2086677551,173.423782349,0
13.100000000000001,19.94279244049568,-1.8230427672395462,417.0475329633264,0.4927774172856891,181.00788089547254,-2.7621114254,38.2337112427,173.423782349,0
13.200000000000001,19.974990583137036,-1.8748306791430718,416.87919771299505,0.5060170548157763,183.08839469129143,-3.77379441261,38.2337112427,179.756027222,0
13.3,20.007188725778395,-1.9266185910465974,416.71086246266367,0.5192566923458635,185.16890848711031,-3.77379441261,38.2337112427,179.756027222,0
13.4,20.03938686841975,-1.978406502950123,416.5425272123323,0.5324963298759507,187.2494222829292,-3.77379441261,38.2337112427,179.756027222,0
13.5,20.071585011061106,-2.0301944148536486,416.37419196200096,0.545735967406038,189.32993607874806,-3.77379441261,38.2337112427,179.756027222,0
13.600000000000001,20.126704753033472,-2.186252717857783,416.17649108294836,0.5568329369553215,191.59435069515413,-3.77379441261,39.80191582132014,179.756027222,0
13.700000000000001,20.19271388356622,-2.391846866403957,415.9648394434428,0.5669119869492579,193.94613126988736,-4.2605579659879425,42.2123184204,-16.598143148738473,0
13.8,20.258723014098965,-2.5974410149501312,415.7531878039373,0.5769910369431943,196.2979118446206,-4.63911056519,42.2123184204,-169.160949707,0
13.9,20.343155285015428,-2.8484113581609094,415.5592485618641,0.5859433116697416,198.782997551178,-4.63911056519,42.92387249339801,-169.160949707,0
14.0,20.435428210648215,-3.1186932338952396,415.372847491328,0.5944160451437939,201.32481622989863,-4.266696042889227,43.3591079712,-163.2977556693653,0
14.100000000000001,20.527701136281006,-3.3889751096295746,415.1864464207919,0.6028887786178464,203.8666349086193,-4.20763921738,43.3591079712,-162.367294312,0
14.200000000000001,20.619974061913798,-3.6592569853639048,415.0000453502559,0.6113615120918987,206.4084535873399,-4.20763921738,43.3591079712,-162.367294312,0
14.3,20.71224698754659,-3.929538861098235,414.8136442797198,0.619834245565951,208.9502722660605,-4.20763921738,43.3591079712,-162.367294312,0
14.4,20.8070873315099,-3.5978386884403943,414.6444149435186,0.625709576448847,211.56930970660332,-4.20763921738,44.2188873291,-162.367294312,0
14.5,20.901978906306468,-3.2541264328361077,414.47552825590253,0.6315330781859176,214.1898879873996,-3.21454691887,44.2188873291,-150.107879639,0
14.600000000000001,20.996870481103038,-2.9104141772318153,414.3066415682864,0.6373565799229884,216.81046626819594,-3.21454691887,44.2188873291,-150.107879639,0
14.700000000000001,21.08062439307222,-2.6117962539315536,414.16136079162885,0.6440366057261222,219.61464634430388,-3.21454691887,44.446878475889214,-150.107879639,0
14.8,21.155120294425338,-2.350662299545183,414.0357020647354,0.6514286039618412,222.57144258382675,-2.639570982545156,44.9248733521,-144.132743519166,0
14.9,21.229616195778455,-2.0895283451588127,413.910043337842,0.6588206021975602,225.52823882334962,-2.34661984444,44.9248733521,-141.092590332,0
15.0,21.304112097131572,-1.8283943907724423,413.78438461094856,0.6662126004332793,228.4850350628725,-2.34661984444,44.9248733521,-141.092590332,0
15.100000000000001,21.375288585876024,-1.6625596602318455,413.676080410809,0.670000016689,231.1978336299603,-2.34661984444,45.145136928777106,-141.092590332,0
15.200000000000001,21.442977292308058,-1.5968579913205525,413.5860110065771,0.670000016689,233.65425829403603,-1.6421937773457924,45.9522666931,-134.57817424486768,0
15.3,21.508821599197116,-1.5353680047197202,413.49933670375606,0.6698894629227413,236.13266464603262,-1.14454734325,45.9522666931,-129.93850708,0
15.4,21.535576917101523,-1.5631376387186706,413.4846159438391,0.667435905457554,239.07693641220936,-1.14454734325,45.5480537415,-129.93850708,0
15.5,21.56233223500593,-1.5909072727176212,413.4698951839222,0.6649823479923668,242.02120817838613,0.0733648762107,45.5480537415,-123.250984192,0
15.600000000000001,21.589087552910335,-1.6186769067165723,413.45517442400524,0.6625287905271794,244.96547994456293,0.0733648762107,45.5480537415,-123.250984192,0
15.700000000000001,21.615842870814742,-1.6464465407155229,413.4404536640883,0.6600752330619921,247.90975171073967,0.0733648762107,45.5480537415,-123.250984192,0
15.8,21.578001603052233,-0.8463417916053734,413.53306429028447,0.6531062614390414,250.41281278574976,0.35721782556197984,43.6374359131,-121.95557231473492,0
15.9,21.538117699202232,-0.020058474798660297,413.6290688878544,0.6459945059860571,252.9019221499897,2.59877514839,43.6374359131,-111.713470459,0
16.0,21.489820154060137,0.7392796777237446,413.7368932827253,0.6394151530469885,255.4678665646136,2.59877514839,43.6374359131,-111.713470459,0
16.1,21.39637925399521,1.139423849098832,413.90813674743214,0.6356924034278261,258.4460691002553,2.59877514839,43.4617347717,-111.713470459,0
16.2,21.302938353930287,1.539568020473905,414.0793802121389,0.6319696538086638,261.42427163589684,3.41392612457,43.4617347717,-104.116012573,0
16.3,21.204704969829585,2.0054563559680605,414.29598811829925,0.6256921719923942,264.1846507553857,3.41392612457,43.38653483212044,-104.116012573,0
16.400000000000002,21.101087063729885,2.5452105396033047,414.5635645474959,0.6165443599644439,266.70029771355325,3.555944099419495,42.4774208069,-102.07462645034772,0
16.5,20.99746915763019,3.0849647232385298,414.83114097669255,0.6073965479364938,269.2159446717207,3.97398376465,42.4774208069,-96.0742721558,0
16.6,20.89385125153049,3.624718906873774,415.0987174058892,0.5982487359085434,271.7315916298882,3.97398376465,42.4774208069,-96.0742721558,0
16.7,20.786446348855492,4.084363745418581,415.36543184675554,0.5887592295145816,274.21713045247014,3.97398376465,42.4774208069,-96.0742721558,0
16.8,20.644295839531647,3.809007181648481,415.62423756447777,0.5761346851559679,276.42642782217916,3.97398376465,45.2885894775,-96.0742721558,0
16.900000000000002,20.502145330207803,3.5336506178783815,415.88304328219994,0.5635101407973541,278.63572519188824,4.15835189819,45.2885894775,-85.7764892578,0
17.0,20.359994820883966,3.2582940541082914,416.14184899992216,0.5508855964387408,280.84502256159726,4.15835189819,45.031570561651606,-85.7764892578,0
17.1,20.219686407330798,3.492020061020378,416.4109557394612,0.5383276229881767,282.55631846253874,4.13936639053341,43.1744613647,-84.01119749392687,0
17.2,20.079516961072596,3.7641511437619255,416.6808395857934,0.5257746716321001,284.23004524351285,4.08134031296,43.1744613647,-78.5853500366,0
17.3,19.93934751481439,4.036282226503483,416.9507234321257,0.5132217202760232,285.90377202448707,4.08134031296,43.1744613647,-78.5853500366,0
17.400000000000002,19.79917806855618,4.308413309245039,417.220607278458,0.5006687689199462,287.57749880546123,4.08134031296,43.1744613647,-78.5853500366,0
17.5,19.6610640767347,4.506257360847298,417.48084958204686,0.48887070641986113,289.3011474859381,4.08134031296,43.1744613647,-78.5853500366,0
17.6,19.53458857457919,4.283469931262564,417.68649909409606,0.4813470106935929,291.30746626655855,4.08134031296,41.6586914062,-78.5853500366,0
17.7,19.408113072423685,4.060682501677839,417.89214860614527,0.47382331496732494,293.31378504717895,3.23300647736,41.6586914062,-70.3544692993,0
17.8,19.281637570268174,3.8378950720931044,418.0977981181945,0.4662996192410567,295.3201038277994,3.23300647736,41.6586914062,-70.3544692993,0
17.900000000000002,19.158975203791492,3.563150121966163,418.2861864937846,0.460000008345,297.24542634699475,3.23300647736,41.6586914062,-70.3544692993,0
18.0,19.055936698731628,3.0210118062313875,418.3857424284914,0.460000008345,298.7539109817392,3.23300647736,42.4192619324,-70.3544692993,0
18.1,18.952898193671757,2.478873490496593,418.48529836319824,0.460000008345,300.2623956164836,0.501361370087,42.4192619324,-62.5948371887,0
18.2,18.849859688611893,1.936735174761817,418.58485429790505,0.460000008345,301.77088025122805,0.501361370087,42.43965439009169,-62.5948371887,0
18.3,18.76510462100348,1.5402497880447115,418.6221415425756,0.4563064692995253,303.4774148256307,0.446855630255613,43.45529595972294,-62.09348887909076,0
18.400000000000002,18.683623909789787,1.1698491898584882,418.64827717071057,0.4519514592793058,305.21941789922096,-0.027099411811415064,43.6054191589,-57.735478443741805,0
18.5,18.602143198576094,0.7994485916722778,418.67441279884554,0.4475964492590864,306.96142097281114,-0.0499458648264,43.6054191589,-57.5266342163,0
18.6,18.5206624873624,0.4290479934860545,418.70054842698045,0.44324143923886694,308.7034240464014,-0.0499458648264,43.6054191589,-57.5266342163,0
18.7,18.44448794274862,0.11403194753659088,418.71263836890523,0.439999997616,310.63103557475813,-0.0499458648264,43.6054191589,-57.5266342163,0
18.8,18.383758905851927,-0.03976742477982709,418.6838432857057,0.439999997616,313.0989273160473,-0.0499458648264,40.64970709130908,-57.5266342163,0
18.900000000000002,18.323029868955235,-0.19356679709624505,418.6550482025062,0.439999997616,315.5668190573365,-1.5937989400486965,40.1060142517,-49.63099224636664,0
19.0,18.280979585896972,-0.21891199549612478,418.5831700202096,0.4423041991108533,317.61294258466063,-1.67783522606,39.302280426,-49.1997680664,0
19.1,18.24290592703561,-0.21690986759105157,418.5021196363931,0.4450989549273829,319.5692735219842,-3.1660027504,39.302280426,-43.9596405029,0
19.200000000000003,18.20483226817425,-0.21490773968597837,418.4210692525766,0.4478937107439125,321.5256044593077,-3.1660027504,39.302280426,-43.9596405029,0
19.3,18.17292419921771,-0.31147856657444123,418.3303812805898,0.4507790341578849,323.38952225003663,-3.1660027504,39.302280426,-43.9596405029,0
19.400000000000002,18.15987865483386,-0.7096157984133714,418.21020882350246,0.45394143301129253,324.9707184722882,-3.260135164750806,39.1059532166,-43.43290256704407,0
19.5,18.14683311045001,-1.1077530302522876,418.0900363664151,0.45710383186470005,326.5519146945397,-4.41406202316,39.1059532166,-36.9823799133,0
19.6,18.136398763141106,-1.4895779718471218,417.9685779357419,0.4605798017933689,328.17393802759955,-4.41406202316,39.1059532166,-36.9823799133,0
19.700000000000003,18.154371072513985,-1.6939449830911084,417.83312967239596,0.46746704464577027,330.24011080122403,-4.416844975621644,38.9321670532,-36.912259910032056,0
19.8,18.172343381886865,-1.8983119943350877,417.69768140905,0.47435428749817143,332.3062835748484,-4.63902664185,38.9321670532,-31.3446598053,0
19.900000000000002,18.190315691259745,-2.1026790055790743,417.562233145704,0.4812415303505728,334.3724563484729,-4.63902664185,38.9321670532,-31.3446598053,0
20.0,18.208288000632624,-2.3070460168230538,417.42678488235805,0.48812877320297393,336.4386291220973,-4.63902664185,38.9321670532,-31.3446598053,0
20.1,18.244452911377152,-2.230146374338512,417.2745465360145,0.49452715393926255,338.5845020519315,-4.63902664185,39.4519462585,-31.3446598053,0
20.200000000000003,18.287404626838214,-2.0483193598342826,417.11604459865663,0.5007431631912542,340.76010736500336,-4.73045110703,39.4519462585,-22.4651432037,0
20.3,18.33035634229927,-1.8664923453300597,416.95754266129876,0.5069591724432457,342.93571267807516,-4.73045110703,39.4519462585,-22.4651432037,0
20.400000000000002,18.383299396710786,-1.7653971156659976,416.81193048635004,0.5131417709338272,345.1519849824441,-4.73045110703,39.708760529780875,-22.4651432037,0
20.5,18.445810959378925,-1.7416171240941998,416.67866258263956,0.5192923725971563,347.40720326231514,-4.16684341431,40.2385826111,-15.582324028,0
20.6,18.50832252204706,-1.7178371325224013,416.54539467892903,0.5254429742604857,349.6624215421862,-4.16684341431,40.2385826111,-15.582324028,0
20.700000000000003,18.570834084715198,-1.6940571409506027,416.41212677521855,0.531593575923815,351.9176398220573,-4.16684341431,40.2385826111,-15.582324028,0
20.8,18.633345647383333,-1.670277149378805,416.2788588715081,0.5377441775871441,354.1728581019283,-4.16684341431,40.2385826111,-15.582324028,0
20.900000000000002,18.69967731440241,-1.8021547550663166,416.1712315261308,0.540000021458,300.73522638891967,-4.16684341431,40.11897947567422,-15.582324028,0
21.0,18.768221586015994,-2.0241892473792564,416.07845519317664,0.540000021458,215.04029370851694,-3.2493503210827335,40.0333862305,-6.966460746260976,0
21.1,18.836765857629572,-2.246223739692204,415.9856788602225,0.540000021458,129.34536102811117,-3.00333714485,40.0333862305,-4.65621614456,0
21.200000000000003,18.905310129243155,-2.4682582320051516,415.8929025272683,0.540000021458,43.65042834770537,-3.00333714485,40.0333862305,-4.65621614456,0
21.3,18.971187610779886,-2.251385589592272,415.8105466024348,0.5415771792964718,5.261727474086932,-3.00333714485,39.70105172797363,-4.65621614456,0
21.400000000000002,19.03476863217674,-1.656555661093774,415.73716403178395,0.544512479323108,7.6099697349145,-2.34925413132,39.6239585876,4.65445804596,0
21.5,19.098349653573592,-1.0617257325952976,415.6637814611331,0.547447779349744,9.958211995741987,-2.34925413132,39.6239585876,4.65445804596,0
21.6,19.16028247013402,-0.4700163854859818,415.5947862337844,0.5505766295236557,12.288309076288225,-2.34925413132,39.6239585876,4.65445804596,0
21.700000000000003,19.21123392555673,0.10090171624118038,415.555022204022,0.5549950306189785,14.497511730866165,-2.282369035313075,40.3303909302,5.293214799415818,0
21.8,19.26218538097944,0.6718198179683222,415.51525817425966,0.559413431714301,16.706714385444023,-1.58071422577,40.3303909302,12.5169534683,0
21.900000000000002,19.313136836402148,1.2427379196954842,415.47549414449725,0.5638318328096238,18.915917040021963,-1.58071422577,40.3303909302,12.5169534683,0
22.0,19.364088291824856,1.8136560214226258,415.43573011473484,0.5682502339049463,21.125119694599825,-1.58071422577,40.3303909302,12.5169534683,0
22.1,19.409684117071663,1.1935858331907796,415.41998291,0.5684064531658739,23.43418708079767,-1.58071422577,40.65355704218578,12.5169534683,0
22.200000000000003,19.451768395527107,-0.20738426239063434,415.41998291,0.5657680711468002,25.80873316256872,-0.5625298893652508,41.1629257202,19.101693783374113,0
22.3,19.493852673982545,-1.608354357971998,415.41998291,0.5631296891277264,28.183279244339683,0.00104267103598,41.1629257202,22.7560157776,0
22.400000000000002,19.53593695243799,-3.009324453553412,415.41998291,0.5604913071086526,30.557825326110734,0.00104267103598,41.1629257202,22.7560157776,0
22.5,19.573243668732502,-2.5570308297415227,415.4159220883605,0.562031527183915,32.828374063643835,0.00104267103598,41.329795833638805,22.7560157776,0
22.6,19.60945715989344,-1.6806643401176231,415.4109320496581,0.5645279154216953,35.07512562037307,0.557561278343,41.3694763184,31.0609130859,0
22.700000000000003,19.64567065105438,-0.8042978504937235,415.40594201095564,0.5670243036594756,37.32187717710231,0.557561278343,41.3694763184,31.0609130859,0
22.8,19.68188414221532,0.07206863913014461,415.4009519722532,0.5695206918972558,39.56862873383147,0.557561278343,41.3694763184,31.0609130859,0
22.900000000000002,19.718749894198307,0.24568430401796665,415.3945118279033,0.5727425308947893,41.91977846415328,0.557561278343,42.6163253784,31.0609130859,0
23.0,19.755770636613953,0.2523120850758093,415.38772710896893,0.5761367517422331,44.29573532307637,0.949933648109,42.6163253784,40.610332489,0
23.1,19.792791379029598,0.2589398661336523,415.3809423900346,0.579530972589677,46.671692181999546,0.949933648109,42.6163253784,40.610332489,0
23.200000000000003,19.841004498181228,0.9158361608509682,415.380004883,0.579999983311,48.82691315177276,0.949933648109,42.8524780273,40.610332489,0
23.3,19.89101213617421,1.676992625434933,415.380004883,0.579999983311,50.94674264738557,1.0480017662,42.8524780273,47.0754356384,0
23.400000000000002,19.940945611899284,2.3820109348637395,415.3806649471688,0.579999983311,53.07262478917857,1.0480017662,42.8524780273,47.0754356384,0
23.5,19.988591731156312,1.3555831071708646,415.40168310027144,0.579999983311,55.38518621921941,1.0480017662,43.0342140198,47.0754356384,0
23.6,20.03623785041334,0.3291552794779533,415.4227012533741,0.579999983311,57.69774764926034,1.30334472656,43.0342140198,54.3056335449,0
23.700000000000003,20.083883969670367,-0.6972725482149578,415.44371940647676,0.579999983311,60.010309079301265,1.30334472656,43.0342140198,54.3056335449,0
23.8,20.131530088927395,-1.7237003759078324,415.4647375595794,0.579999983311,62.32287050934211,1.30334472656,43.0342140198,54.3056335449,0
23.900000000000002,20.175816250929326,-2.3871600380232474,415.4904388831966,0.5792530325902852,64.59756114640618,1.30334472656,43.0342140198,54.3056335449,0
24.0,20.21123429810949,-2.0926184148223164,415.5285007491359,0.5765346148970488,66.77229737482371,1.30334472656,42.7963867188,54.3056335449,0
24.1,20.246652345289654,-1.7980767916213751,415.5665626150752,0.5738161972038124,68.94703360324132,1.87730228901,42.7963867188,64.1695175171,0
24.200000000000003,20.282070392469816,-1.5035351684204339,415.6046244810146,0.5710977795105759,71.12176983165894,1.87730228901,42.7963867188,64.1695175171,0
24.3,20.315347651505203,-1.0021318746707084,415.635171386209,0.568620149580654,73.51782904053421,1.87730228901,42.98468017536556,64.1695175171,0
24.400000000000002,20.34717477868956,-0.3606041608787842,415.6606277905231,0.5663056250032031,76.06380850383067,1.721309890354259,43.0371704102,71.96406916217359,0
24.5,20.379001905873917,0.2809235529131173,415.68608419483724,0.5639911004257525,78.60978796712705,1.70418691635,43.0371704102,72.8195953369,0
24.6,20.410829033058278,0.9224512667050417,415.71154059915136,0.5616765758483018,81.15576743042351,1.70418691635,43.0371704102,72.8195953369,0
24.700000000000003,20.440942484559557,1.3489563778701583,415.73639112937065,0.5609157143253402,83.54942768879323,1.70418691635,43.0371704102,72.8195953369,0
24.8,20.466552294453425,1.2103693019401098,415.7596493864373,0.5642379717059013,85.54278401819387,1.70418691635,42.0908660889,72.8195953369,0
24.900000000000002,20.492162104347297,1.0717822260100565,415.7829076435039,0.5675602290864625,87.53614034759458,1.08312451839,42.0908660889,83.0777206421,0
25.0,20.515825053160555,0.8164219132860104,415.80959894987893,0.5694660184694672,89.58737237546312,1.08312451839,42.0908660889,83.0777206421,0
25.1,20.534105661519995,0.23822741245417278,415.84578134956115,0.5674558052775109,91.7986089954714,1.08312451839,42.7245979309,83.0777206421,0
25.200000000000003,20.552386269879435,-0.33996708837766487,415.88196374924337,0.5654455920855547,94.00984561547966,1.88420164585,42.7245979309,89.6264419556,0
25.3,20.57066687823887,-0.9181615892094819,415.9181461489256,0.5634353788935984,96.22108223548786,1.88420164585,42.7245979309,89.6264419556,0
25.400000000000002,20.58894748659831,-1.4963560900413195,415.9543285486078,0.5614251657016421,98.43231885549613,1.88420164585,42.7245979309,89.6264419556,0
25.5,20.610580075910562,-1.4175767795961212,415.98690016064165,0.560000002384,100.61510872956917,1.88420164585,42.7245979309,89.6264419556,0
25.6,20.640377986685337,0.26157032441767014,416.010676006143,0.560000002384,102.7286032143208,1.88420164585,43.1858940125,89.6264419556,0
25.700000000000003,20.67017589746011,1.9407174284314619,416.03445185164435,0.560000002384,104.84209769907243,2.06940984726,43.1858940125,100.439674377,0
25.8,20.69997380823488,3.6198645324451935,416.0582276971457,0.560000002384,106.95559218382398,2.06940984726,43.1858940125,100.439674377,0
25.900000000000002,20.742339362252434,3.458191870923465,416.077714721091,0.5612890503140644,109.16014424348745,2.06940984726,43.35553870977552,100.439674377,0
26.0,20.796982447380874,1.498193023314264,416.0930119268607,0.5638373897245643,111.4536519002557,1.5929794831574369,44.2707824707,104.27255418549998,0
26.1,20.851625532509313,-0.4618058242950074,416.1083091326304,0.5663857291350644,113.747159557024,1.04930567741,44.2707824707,108.85358429,0
26.200000000000003,20.906268617637753,-2.421804671904278,416.12360633840007,0.5689340685455644,116.04066721379233,1.04930567741,44.2707824707,108.85358429,0
26.3,20.97111229602732,-2.786564287302503,416.1165184231298,0.5714980399419197,118.34824367111298,1.04930567741,44.38168133130699,108.85358429,0
26.400000000000002,21.043290667769387,-2.004273893685209,416.09333458144783,0.5740732514514534,120.66593623984485,0.9206481557703714,45.1176795959,110.89915192179478,0
26.5,21.115469039511453,-1.2219835000679424,416.0701507397659,0.5766484629609869,122.98362880857664,0.523397743702,45.1176795959,117.209541321,0
26.6,21.18764741125352,-0.4396931064506484,416.04696689808395,0.5792236744705205,125.30132137730853,0.523397743702,45.1176795959,117.209541321,0
26.700000000000003,21.27440179011343,-0.09620293765739622,415.99247643494317,0.583518770078903,127.58345083661403,0.523397743702,46.05644902062593,117.209541321,0
26.8,21.3674463832129,0.05792484950438198,415.9244757316865,0.588556074397909,129.85023318641902,-0.26297262311,46.1543540955,126.150886536,0
26.900000000000002,21.46049097631237,0.2120526366661657,415.8564750284299,0.5935933787169153,132.11701553622407,-0.26297262311,46.1543540955,126.150886536,0
27.0,21.553535569411842,0.3661804238279439,415.78847432517324,0.5986306830359215,134.38379788602904,-0.26297262311,46.1543540955,126.150886536,0
27.1,21.650150950447546,-0.010066402969780619,415.7058824343336,0.6017326553122336,136.9058964349104,-0.26297262311,46.962427710644995,126.150886536,0
27.200000000000003,21.748099394261466,-0.5843150907029282,415.61784329504223,0.6041121206361096,139.5233107874021,-0.584746599197,47.0180206299,135.843856812,0
27.3,21.84604783807538,-1.1585637784360554,415.52980415575087,0.6064915859599855,142.1407251398937,-0.584746599197,47.0180206299,135.843856812,0
27.400000000000002,21.943996281889298,-1.732812466169203,415.4417650164595,0.6088710512838615,144.7581394923854,-0.584746599197,47.0180206299,135.843856812,0
27.5,22.044459600458868,-1.8206719031702634,415.34258971906195,0.612551239418525,147.40317515057677,-0.584746599197,46.525090028102106,135.843856812,0
27.6,22.147193367148137,-1.469415413112556,415.23336061314933,0.6174057300322129,150.07314753432425,-0.947329103947,46.3125228882,146.027328491,0
27.700000000000003,22.249927133837407,-1.1181589230548488,415.12413150723665,0.6222602206459008,152.74311991807176,-0.947329103947,46.3125228882,146.027328491,0
27.8,22.352660900526672,-0.7669024329971541,415.014902401324,0.6271147112595885,155.41309230181915,-0.947329103947,46.3125228882,146.027328491,0
27.900000000000002,22.443353839187917,-0.5670936204456951,414.91791797101973,0.6289979323698467,158.00206381772136,-0.947329103947,46.233046515744356,146.027328491,0
28.0,22.516404541937693,-0.5891861296795853,414.8388744543504,0.6265276457799664,160.47235276326919,-0.9862956797553785,45.6339225769,149.48215290498243,0
28.1,22.589455244687468,-0.6112786389134762,414.75983093768104,0.6240573591900861,162.9426417088171,-1.07202231884,45.6339225769,157.073532104,0
28.200000000000003,22.662505947437246,-0.6333711481473672,414.6807874210117,0.6215870726002056,165.412930654365,-1.07202231884,45.6339225769,157.073532104,0
28.3,22.71861443790742,-0.8319352457029021,414.62037705128193,0.620000004768,167.96272440711357,-1.07202231884,44.896099651986674,157.073532104,0
28.400000000000002,22.744279236051415,-1.3476035472734655,414.59344883743205,0.620000004768,170.6553814323161,-0.38796426478737955,43.5988845825,163.2756336806141,0
28.5,22.76994403419541,-1.8632718488440103,414.56652062358216,0.620000004768,173.34803845751856,0.00761790201068,43.5988845825,167.285568237,0
28.6,22.795608832339408,-2.3789401504145737,414.5395924097323,0.620000004768,176.0406954827211,0.00761790201068,43.5988845825,167.285568237,0
28.700000000000003,22.79455348931727,-2.174695565900908,414.5344800664088,0.621493826561892,178.643205540242,0.00761790201068,43.55653108572758,167.285568237,0
28.8,22.77871018365866,-1.572023263706704,414.54144147210553,0.6238143872841551,181.19582476890912,-0.05521333585164918,43.4433441162,171.6512769783413,0
28.900000000000002,22.76286687800005,-0.9693509615124787,414.54840287780235,0.6261349480064183,183.7484439975763,-0.135486513376,43.4433441162,177.228179932,0
29.0,22.74702357234144,-0.3666786593182745,414.5553642834991,0.6284555087286814,186.3010632262434,-0.135486513376,43.4433441162,177.228179932,0
29.1,22.716669253551192,0.033391620971507524,414.57806189736664,0.629999995232,188.85566819270375,-0.135486513376,43.4433441162,177.228179932,0
29.200000000000003,22.657436171127,0.030258082943449782,414.6320765689844,0.629999995232,191.41422503019106,-0.1338559324379129,44.2238388062,176.77615825504762,0
29.3,22.598203088702807,0.027124544915392155,414.68609124060214,0.629999995232,193.9727818676783,1.53241026402,44.2238388062,-170.641723633,0
29.400000000000002,22.538970006278614,0.023991006887334416,414.7401059122199,0.629999995232,196.5313387051656,1.53241026402,44.2238388062,-170.641723633,0
29.5,22.464923445003283,-0.08560573812171261,414.8284533811913,0.62798829013577,199.01170701459384,1.53241026402,45.13114970286569,-170.641723633,0
29.6,22.387554945364197,-0.21907697035637802,414.9245000164294,0.6255254580353512,201.4745414635715,3.26708698273,45.3113632202,-162.246505737,0
29.700000000000003,22.310186445725112,-0.35254820259104347,415.0205466516676,0.6230626259349324,203.9373759125492,3.26708698273,45.3113632202,-162.246505737,0
29.8,22.232817946086026,-0.48601943482570414,415.11659328690575,0.6205997938345138,206.40021036152675,3.26708698273,45.3113632202,-162.246505737,0
29.900000000000002,22.15043552281858,0.25996279060241767,415.23048518983825,0.6179431758940123,208.8511477520286,3.26708698273,45.86086487952658,-162.246505737,0
30.0,22.066438914308016,1.289076730550454,415.35012220775593,0.6152241704369522,211.29825499718876,3.9929103093794396,46.1256523132,-153.38833780719236,0
30.1,21.98244230579745,2.318190670498527,415.46975922567367,0.6125051649798922,213.74536224234902,4.07446336746,46.1256523132,-152.396209717,0
30.200000000000003,21.898357678283272,3.1909508637299395,415.5890388382585,0.6097679138531701,216.18568053854744,4.07446336746,46.1256523132,-152.396209717,0
30.3,21.81324197321233,2.2321425031114766,415.7041317115906,0.6068169281949859,218.54647131658092,4.07446336746,46.9196662903,-152.396209717,0
30.400000000000002,21.72812626814139,1.2733341424929803,415.8192245849228,0.6038659425368017,220.90726209461448,3.99638772011,46.9196662903,-143.082305908,0
30.5,21.643010563070455,0.31452578187451774,415.9343174582549,0.6009149568786176,223.26805287264798,3.99638772011,46.9196662903,-143.082305908,0
30.6,21.548881426957323,0.2655992327283057,416.04407004210935,0.5982774551504026,225.7225600670836,3.99638772011,47.28230853328866,-143.082305908,0
30.700000000000003,21.45070196044191,0.6255427294323133,416.1514228808804,0.5957808224748535,228.2191802425549,3.87074756622,47.3286552429,-135.279891968,0
30.8,21.3525224939265,0.985486226136308,416.25877571965134,0.5932841897993044,230.7158004180261,3.87074756622,47.3286552429,-135.279891968,0
30.900000000000002,21.25434302741109,1.3454297228403156,416.3661285584223,0.5907875571237552,233.2124205934974,3.87074756622,47.3286552429,-135.279891968,0
31.0,21.15825751436052,1.627994377617811,416.46965014238106,0.5879512405329409,235.6389881559503,3.87074756622,47.262825276506916,-135.279891968,0
31.1,21.063136960518072,1.87490044337458,416.5714061643673,0.5849583869763381,238.0332732846623,3.7145103480903336,47.2146682739,-127.07232105369778,0
31.200000000000003,20.968016406675627,2.1218065091313494,416.6731621863535,0.5819655334197352,240.42755841337433,3.67520403862,47.2146682739,-125.004959106,0
31.3,20.882895237996202,2.450037599594219,416.77335692890733,0.5792055643504508,242.7944197181079,3.67520403862,47.199130689518604,-125.004959106,0
31.400000000000002,20.81690599439233,2.933868684864668,416.8705644596839,0.5768911755333511,245.10881074221078,3.0608643487480696,47.1818695068,-120.00540241171034,0
31.5,20.750916750788456,3.4176997701350995,416.9677719904605,0.5745767867162517,247.42320176631358,2.75619745255,47.1818695068,-117.529167175,0
31.6,20.68492750718458,3.9015308554055483,417.0649795212371,0.572262397899152,249.73759279041644,2.75619745255,47.1818695068,-117.529167175,0
31.700000000000003,20.61970913912069,4.3515630451494,417.1614548444359,0.5700907068885378,252.0453570640214,2.75619745255,47.1818695068,-117.529167175,0
31.8,20.588040336349188,3.3306207474998537,417.22606348531815,0.5741294209659188,254.0647160283726,2.75619745255,48.925743103,-117.529167175,0
31.900000000000002,20.556371533577686,2.3096784498502707,417.2906721262004,0.5781681350432999,256.08407499272386,1.11615800858,48.925743103,-107.754051208,0
32.0,20.52058341579074,1.4906154392157978,417.3229636785076,0.5770160286327606,258.3427808857507,1.11615800858,48.89481809766461,-107.754051208,0
32.1,20.48137598721378,0.8391259260639483,417.3284298559037,0.5715551892321922,260.800160959487,0.6073022004284532,48.7403373718,-105.6376343382446,0
32.2,20.442168558636823,0.18763641291209865,417.3338960332998,0.5660943498316237,263.25754103322333,-0.334377884865,48.7403373718,-101.725898743,0
32.300000000000004,20.40296113005986,-0.4638531002397508,417.3393622106959,0.5606335104310552,265.7149211069597,-0.334377884865,48.7403373718,-101.725898743,0
32.4,20.33984463395463,-0.17664710934418032,417.33220522726657,0.5625971425219574,268.33742835336705,-0.334377884865,47.7429695129,-101.725898743,0
32.5,20.273590464968137,0.2337472670173939,417.3233916610637,0.5655351146965492,270.98160583225166,-2.13356685638,47.7429695129,-92.8827285767,0
32.6,20.207336295981648,0.6441416433789683,417.31457809486085,0.5684730868711408,273.62578331113633,-2.13356685638,47.7429695129,-92.8827285767,0
32.7,20.153550188979064,0.6458644395404836,417.31212511819956,0.5668069029673335,276.2772371699677,-2.13356685638,47.794989325706695,-92.8827285767,0
32.800000000000004,20.113255694466176,0.20536625518973584,417.3165548960042,0.5601585903468081,278.93656475437854,-2.0619801573580334,48.4792671204,-91.14523333219954,0
32.9,20.072961199953294,-0.2351319291609807,417.3209846738089,0.5535102777262834,281.59589233878916,-1.75349414349,48.4792671204,-83.6663894653,0
33.0,20.032666705440406,-0.6756301135117285,417.32541445161354,0.5468619651057581,284.2552199232,-1.75349414349,48.4792671204,-83.6663894653,0
33.1,19.99237221092752,-1.1161282978624762,417.3298442294182,0.5402136524852328,286.91454750761085,-1.75349414349,48.42319882066252,-83.6663894653,0
33.2,19.95034754123884,-1.3224869558028,417.34019556757283,0.5348966035447004,289.29653340694506,-1.726304951725486,45.9139556885,-83.2124950181416,0
33.300000000000004,19.908265429842324,-1.5210721960817108,417.35074350116145,0.5296237524752438,291.6693115796469,-1.11317420006,45.9139556885,-72.9289169312,0
33.4,19.866183318445813,-1.7196574363606074,417.36129143475006,0.5243509014057876,294.04208975234855,-1.11317420006,45.9139556885,-72.9289169312,0
33.5,19.82118737679782,-1.717428183390905,417.37197234487036,0.5190115790819322,296.3953611150632,-1.11317420006,45.9139556885,-72.9289169312,0
33.6,19.76244002713584,-0.7674834516682865,417.3832808188451,0.5133585551140034,298.6565728586393,-1.11317420006,43.0328979492,-72.9289169312,0
33.7,19.703692677473857,0.18246128005433215,417.3945892928198,0.5077055311460748,300.9177846022154,-1.42169296741,43.0328979492,-63.9167747498,0
33.800000000000004,19.644945327811875,1.132406011776951,417.40589776679445,0.5020525071781459,303.1789963457915,-1.42169296741,43.0328979492,-63.9167747498,0
33.9,19.589789089571997,1.334382974212804,417.4220170084363,0.4965664758379692,305.2017328120412,-1.42169296741,42.580066257487466,-63.9167747498,0
34.0,19.5366799968953,1.1099741411874553,417.4408786717208,0.491175640156407,307.0885242884187,-1.327023674723551,40.8101158142,-61.13787419458744,0
34.1,19.483570904218606,0.8855653081621065,417.45974033500534,0.4857848044748449,308.97531576479616,-1.11857330799,40.8101158142,-55.0101966858,0
34.2,19.43046181154191,0.6611564751367578,417.47860199828983,0.4803939687932828,310.8621072411736,-1.11857330799,40.8101158142,-55.0101966858,0
34.300000000000004,19.36462667883953,0.8688090734576067,417.50157788276357,0.4756807742394641,312.7276876603101,-1.11857330799,37.8274116516,-55.0101966858,0
34.4,19.297788155403055,1.1105277627149277,417.52487815498176,0.47102100862561863,314.59159568345734,-0.764477550983,37.8274116516,-48.4105644226,0
34.5,19.23094963196657,1.352246451972266,417.54817842719996,0.4663612430117729,316.4555037066047,-0.764477550983,37.8274116516,-48.4105644226,0
34.6,19.16411110853009,1.5939651412296043,417.5714786994181,0.4617014773979271,318.3194117297521,-0.764477550983,37.8274116516,-48.4105644226,0
34.7,19.098295087218762,1.5437579297030992,417.59641936303103,0.4586305505916711,319.95861848459396,-0.764477550983,36.704380991313315,-48.4105644226,0
34.800000000000004,19.033067159658916,1.3256490640647582,417.62230350040846,0.45647344699601444,321.4685879414495,-0.9656610208098545,34.2524337769,-44.25042126139129,0
34.9,18.967839232099074,1.107540198426433,417.64818763778584,0.454316343400358,322.978557398305,-1.16212403774,34.2524337769,-40.1931381226,0
35.0,18.902611304539224,0.8894313327880923,417.67407177516327,0.4521592398047013,324.48852685516056,-1.16212403774,34.2524337769,-40.1931381226,0
35.1,18.83738337697938,0.6713224671497515,417.69995591254064,0.4500021362090446,325.99849631201613,-1.16212403774,34.2524337769,-40.1931381226,0
35.2,18.773369144427903,0.2826132519530748,417.709049024912,0.4469774227398497,327.81354093306413,-1.1864453826600738,32.7467308044,-39.80847450305808,0
35.300000000000004,18.70935612172728,-0.10626602324825651,417.7181253994408,0.44395184440877433,329.6288896630075,-1.60785472393,32.7467308044,-33.1494293213,0
35.4,18.64534309902666,-0.4951452984495601,417.7272017739696,0.44092626607769914,331.4442383929507,-1.60785472393,32.7467308044,-33.1494293213,0
35.5,18.58684633604563,-0.5252006790677526,417.72387987476617,0.439999997616,332.9155920698014,-1.60785472393,32.602975269138405,-33.1494293213,0
35.6,18.53078348598014,-0.3969339073896991,417.7150875444914,0.439999997616,334.2351664532241,-1.6942622348821448,32.519618988,-29.155785562856927,0
35.7,18.47472063591465,-0.26866713571164563,417.70629521421665,0.439999997616,335.55474083664683,-1.72669994831,32.519618988,-27.6567840576,0
35.800000000000004,18.41865778584916,-0.14040036403359213,417.69750288394187,0.439999997616,336.87431522006955,-1.72669994831,32.519618988,-27.6567840576,0
35.9,18.364774080823047,-0.055001181359746014,417.6846391160979,0.4403830518080939,338.2298327344478,-1.72669994831,32.51794861235159,-27.6567840576,0
36.0,18.32354206191058,-0.21848276188929983,417.64813738509577,0.4429900430559258,339.79402897492093,-1.7288467146576592,32.3487472534,-27.476462951726894,0
36.1,18.28231004299811,-0.38196434241885363,417.6116356540937,0.4455970343037578,341.35822521539404,-1.80038583279,32.3487472534,-21.4890499115,0
36.2,18.241078024085642,-0.5454459229484074,417.5751339230915,0.4482040255515897,342.9224214558672,-1.80038583279,32.3487472534,-21.4890499115,0
36.300000000000004,18.209158739178225,-0.6898284571721286,417.5286257566917,0.4506473501662242,344.5178886202263,-1.80038583279,32.3487472534,-21.4890499115,0
36.4,18.197861808177237,-0.7919175798176261,417.45995908646256,0.45272824724554617,346.18260290997387,-1.80038583279,33.2747993469,-21.4890499115,0
36.5,18.18656487717625,-0.8940067024631307,417.3912924162334,0.45480914432486824,347.84731719972154,-2.50150680542,33.2747993469,-15.5105485916,0
36.6,18.17526794617526,-0.9960958251086355,417.3226257460043,0.4568900414041903,349.5120314894692,-2.50150680542,33.2747993469,-15.5105485916,0
36.7,18.163971015174273,-1.09818494775414,417.25395907577513,0.4589709384835124,351.1767457792169,-2.50150680542,33.2747993469,-15.5105485916,0
36.800000000000004,18.17062442669134,-1.0755820964102158,417.16601593070214,0.4632391258915745,313.9943556302831,-2.50150680542,33.29574971528794,-15.5105485916,0
36.9,18.194839806729004,-0.9309851093126137,417.05921337701034,0.46964727936769823,238.80535783127453,-2.6252278375730396,33.72445613713458,-14.606182010395608,0
37.0,18.219055186766667,-0.7863881222150011,416.9524108233186,0.4760554328438224,163.61636003226062,-3.5717950692455442,33.7723579407,-7.6872402007825595,0
37.1,18.243270566804327,-0.6417911351173886,416.8456082696268,0.48246358631994657,88.4273622332467,-3.5975522995,33.7723579407,-7.49921989441,0
37.2,18.26748594684199,-0.497194148019776,416.73880571593503,0.4888717397960707,13.238364434232778,-3.5975522995,33.7723579407,-7.49921989441,0
37.300000000000004,18.313326293123232,-0.9880864128014002,416.6256764122515,0.4967372740508933,1.3474541878007997,-3.5975522995,35.50923955736189,-7.49921989441,0
37.4,18.363787725073195,-1.6147777461877888,416.5111951317192,0.5049142391470152,2.982848766646478,-3.748271699166096,36.085899353,-0.2989439350916401,0
37.5,18.414249157023164,-2.2414690795742223,416.396713851187,0.5130912042431376,4.618243345492273,-3.75832533836,36.085899353,0.26786249876,0
37.6,18.467960799353687,-2.7418116812063373,416.28006772360504,0.5209796810087998,6.326566356546669,-3.75832533836,36.085899353,0.26786249876,0
37.7,18.53937878364237,-2.553837654535486,416.1516280449421,0.5272965447303882,8.432185421690907,-3.75832533836,38.1008377075,0.26786249876,0
37.800000000000004,18.61079676793105,-2.365863627864635,416.02318836627904,0.5336134084519766,10.537804486835142,-3.71444988251,38.1008377075,7.27608537674,0
37.9,18.682214752219725,-2.1778896011937974,415.8947486876161,0.5399302721735646,12.643423551979229,-3.71444988251,38.1008377075,7.27608537674,0
38.0,18.753632736508404,-1.9899155745229464,415.7663090089531,0.5462471358951531,14.749042617123466,-3.71444988251,38.1008377075,7.27608537674,0
38.1,18.828375206053025,-1.7996606645784565,415.63623596585563,0.5527571608713265,16.827145473946587,-3.71444988251,39.025880580088646,7.27608537674,0
38.2,18.907983682184195,-1.6060672549330473,415.5037721881078,0.5595499135074876,18.864973208271245,-3.414209663612504,40.4413032532,12.68393010249622,0
38.300000000000004,18.987592158315366,-1.412473845287638,415.3713084103599,0.5663426661436488,20.902800942595903,-3.19680428505,40.4413032532,16.9368591309,0
38.400000000000006,19.082010008793365,-1.5047028283025332,415.2443866778203,0.5734749866021391,23.04249704946854,-3.19680428505,41.123800192606915,16.9368591309,0
38.5,19.193702297073198,-1.9303301729732958,415.1239294800411,0.5810033969351202,25.301017815934475,-2.45206046104,41.4029464722,22.9482326508,0
38.6,19.30539458535304,-2.3559575176440886,415.0034722822619,0.5885318072681017,27.55953858240057,-2.45206046104,41.4029464722,22.9482326508,0
38.7,19.41708687363288,-2.781584862314881,414.8830150844827,0.5960602176010833,29.818059348866665,-2.45206046104,41.4029464722,22.9482326508,0
38.800000000000004,19.534950972716857,-2.6913776244879313,414.7660805553466,0.6037172848099602,32.30104257959037,-2.45206046104,42.092286496684146,22.9482326508,0
38.900000000000006,19.659590892732894,-2.034853162674335,414.65301344416724,0.6115156000221235,35.030455506888615,-1.85340321064,42.4714431763,31.973241806,0
39.0,19.784230812748923,-1.378328700860785,414.5399463329879,0.6193139152342861,37.759868434186664,-1.85340321064,42.4714431763,31.973241806,0
39.1,19.915512848447058,-1.5796333374585967,414.44742104621173,0.6222318627101185,40.231860070420296,-1.85340321064,43.3171424866,31.973241806,0
39.2,20.04743562394413,-1.8636895053975233,414.35687735160707,0.6246790195536012,42.67901924751392,-1.40030217171,43.3171424866,38.3278770447,0
39.300000000000004,20.179358399441202,-2.14774567333645,414.26633365700246,0.6271261763970838,45.12617842460755,-1.40030217171,43.3171424866,38.3278770447,0
39.400000000000006,20.311281174938273,-2.4318018412753766,414.1757899623978,0.6295733332405664,47.57333760170118,-1.40030217171,43.3171424866,38.3278770447,0
39.5,20.424028905286473,-2.1190970587695,414.12250833609295,0.63394681717286,50.17075413772124,-1.40030217171,43.46042431600009,38.3278770447,0
39.6,20.532727497404636,-1.680376010857938,414.0770952318234,0.6387270779653034,52.79990008098159,-0.4578605144348987,43.5763320923,45.534175471556736,0
39.7,20.641426089522795,-1.2416549629463762,414.0316821275539,0.6435073387577468,55.42904602424193,-0.0521383546293,43.5763320923,48.7835655212,0
39.800000000000004,20.75012468164096,-0.8029339150348143,413.98626902328436,0.6482875995501901,58.05819196750227,-0.0521383546293,43.5763320923,48.7835655212,0
39.900000000000006,20.859828772231403,-0.684399012299342,413.9820460967684,0.651721251643861,60.72126686782207,-0.0521383546293,44.79939324999406,48.7835655212,0
40.0,20.970094093937323,-0.7445798733109361,414.0008139654102,0.6544032778296173,63.403279625276895,0.9493303209748127,46.3918952942,56.13365474351439,0
40.1,21.080359415643255,-0.8047607343225347,414.01958183405196,0.6570853040153738,66.08529238273192,1.46398162842,46.3918952942,59.9062652588,0
40.2,21.190624737349182,-0.8649415953341331,414.0383497026938,0.6597673302011303,68.76730514018693,1.46398162842,46.3918952942,59.9062652588,0
40.300000000000004,21.29343505807352,-0.36638119497822563,414.10393449281855,0.6554316780760889,71.51258639056914,1.46398162842,47.4634552002,59.9062652588,0
40.400000000000006,21.395537124303825,0.18526182875248132,414.1739670751192,0.6504293188354394,74.26387839729557,2.11627101898,47.4634552002,69.7458496094,0
40.5,21.49763919053412,0.7369048524831491,414.2439996574198,0.6454269595947902,77.01517040402179,2.11627101898,47.4634552002,69.7458496094,0
40.6,21.599741256764425,1.288547876213856,414.31403223972046,0.6404246003541407,79.76646241074822,2.11627101898,47.4634552002,69.7458496094,0
40.7,21.652489909791885,1.3874784135109623,414.4381631298363,0.6334343745481247,82.29796609286174,2.257806110685186,46.0231628418,70.57894167777641,0
40.800000000000004,21.700660722716773,1.4444170146716093,414.5673119789326,0.6262597615905231,84.80908302274894,3.90887761116,46.0231628418,80.2510223389,0
40.900000000000006,21.74576606838802,1.5240544690168563,414.6986760161481,0.6194161364679952,87.3211278712623,3.90887761116,46.0231628418,80.2510223389,0
41.0,21.76989644453186,1.7590051968240032,414.84519712387043,0.6148372426833588,89.83952185460464,3.90887761116,45.2115516663,80.2510223389,0
41.1,21.794026820675708,1.993955924631167,414.9917182315927,0.6102583488987222,92.35791583794715,4.41761207581,45.2115516663,87.1304168701,0
41.2,21.818157196819552,2.2289066524383307,415.13823933931496,0.6056794551140855,94.87630982128965,4.41761207581,45.2115516663,87.1304168701,0
41.300000000000004,21.842287572963397,2.4638573802454946,415.28476044703723,0.6011005613294489,97.39470380463216,4.41761207581,45.2115516663,87.1304168701,0
41.400000000000006,21.83661919305098,2.3705247675693455,415.41523588367215,0.5969272712170837,99.84364783870531,4.41761207581,44.841763299258616,87.1304168701,0
41.5,21.821522610471177,2.173324669265326,415.54063453660973,0.592882312422227,102.27061819724248,2.89136838913,44.794380188,98.7507858276,0
41.6,21.806426027891376,1.9761245709612925,415.66603318954736,0.5888373536273701,104.69758855577983,2.89136838913,44.794380188,98.7507858276,0
41.7,21.791329445311575,1.778924472657259,415.791431842485,0.5847923948325132,107.12455891431718,2.89136838913,44.794380188,98.7507858276,0
41.800000000000004,21.77623286273177,1.5817243743532254,415.9168304954226,0.5807474360376563,109.55152927285452,2.89136838913,44.794380188,98.7507858276,0
41.900000000000006,21.75132956091185,1.8227948038804918,416.0637130932295,0.5760725049585601,111.76736694404742,2.89136838913,45.7457046509,98.7507858276,0
42.0,21.724203349146052,2.1632089477983514,416.21546550259694,0.5712547767194792,113.93534671912778,3.50798010826,45.7457046509,110.375869751,0
42.1,21.697077137380255,2.5036230917162348,416.3672179119644,0.5664370484803979,116.1033264942083,3.50798010826,45.7457046509,110.375869751,0
42.2,21.669950925614454,2.8440372356341186,416.5189703213319,0.5616193202413166,118.27130626928881,3.50798010826,45.7457046509,110.375869751,0
42.300000000000004,21.641353624360963,2.485375549477358,416.6695601901436,0.553643626158433,120.27127393171793,3.50798010826,45.077438051756005,110.375869751,0
42.400000000000006,21.612011527664485,1.772779927352834,416.81956147823644,0.5440690908158977,122.18617902187272,3.955369968056447,44.5058784485,116.2986877721013,0
42.5,21.58266943096801,1.0601843052283602,416.96956276632926,0.5344945554733631,124.10108411202735,4.17063856125,44.5058784485,119.172019958,0
42.6,21.55157525320571,0.7388627241090878,417.0866641615183,0.5277226214869141,126.02480843369723,4.17063856125,44.29325940806053,119.172019958,0
42.7,21.51893088819368,0.7637283379476503,417.1746567469086,0.5234303426791114,127.95633573920945,3.855918580395749,42.7627296448,120.76955802925414,0
42.800000000000004,21.486286523181647,0.7885939517862126,417.26264933229896,0.5191380638713088,129.88786304472166,2.99671339989,42.7627296448,125.13067627,0
42.900000000000006,21.453642158169618,0.8134595656247751,417.3506419176893,0.5148457850635061,131.81939035023387,2.99671339989,42.7627296448,125.13067627,0
43.0,21.420997793157593,0.8383251794633357,417.43863450307964,0.5105535062557037,133.75091765574598,2.99671339989,42.7627296448,125.13067627,0
