t,control_x,control_y
0.0,0.0,1.0841470984807897
0.1,0.09792172313109863,1.0951060789366855
0.2,0.18398051512761782,1.0949615255821763
0.30000000000000004,0.2491876311340047,1.0834010867047836
0.4,0.28959907347762937,1.0609162182232006
0.5,0.3072511736649186,1.0287596361210403
0.6000000000000001,0.30963220746732634,0.9888353041411965
0.7000000000000001,0.3078194846864894,0.9435307790907079
0.8,0.3137380927778577,0.8955068838002019
0.9,0.33721252234472054,0.8474634882618276
1.0,0.3835331111378891,0.8019023123595799
1.1,0.45213319637362004,0.7609079283845602
1.2000000000000002,0.5367009235751429,0.7259665145463318
1.3,0.6266984045448211,0.6978385372866226
1.4000000000000001,0.7099163471095701,0.6764967217124731
1.5,0.7754387577008081,0.6611348363167817
1.6,0.816291915561861,0.6502464914057896
1.7000000000000002,0.8311291164026418,0.6417668954577725
1.8,0.8245387581516591,0.6332648887557136
1.9000000000000001,0.8059003927431928,0.6221680815255433
2.0,0.7870688737189595,0.6060009657400187
2.1,0.7794536495968499,0.5826147099545834
2.2,0.791208339406365,0.550388088628726
2.3000000000000003,0.8252187227916783,0.5083815750681344
2.4000000000000004,0.8783817941671829,0.4564308101446507
2.5,0.9423524296204662,0.3951710736576177
2.6,1.005574889099857,0.32599054791376353
2.7,1.0561018004818212,0.2509165233279767
2.8000000000000003,1.0845104655579474,0.1724446854455766
2.9000000000000004,1.0862024965900567,0.09332670672627215
3.0,1.062523770619766,0.016335090578765928
3.1,1.0204305123831368,-0.05597375317326571
3.2,0.9707832713749985,-0.12147706446256948
3.3000000000000003,0.9256864942170066,-0.17866451413737183
3.4000000000000004,0.8955250612645129,-0.22676226721065662
3.5,0.8864233463271212,-0.26579127311833495
3.6,0.8987489062010275,-0.2965546031707995
3.7,0.9270271411283386,-0.3205549932779731
3.8000000000000003,0.9612878086537097,-0.33984998440833447
3.9000000000000004,0.9895137019758293,-0.35685762720929287
4.0,1.0005919518984445,-0.3741301328644783
4.1000000000000005,0.9870453480612552,-0.394115715157053
4.2,0.9468749305024793,-0.41892992311420796
4.3,0.8840626911079175,-0.4501569153407734
4.4,0.8076112728905497,-0.48869845198370965
4.5,0.7293557456418702,-0.5346841171702709
4.6000000000000005,0.661083171759203,-0.5874508145422928
4.7,0.6116651499929047,-0.6455933898075551
4.800000000000001,0.5849053443504882,-0.7070818798666754
4.9,0.5786289491479912,-0.7694349356687137
5.0,0.5852369690941791,-0.8299339472134403
5.1000000000000005,0.5935895527936335,-0.8858587623639
5.2,0.5917572168694244,-0.9347239612223772
5.300000000000001,0.569966305600274,-0.9744945971517229
5.4,0.52301747307428,-1.0037621486212207
5.5,0.4515849952178415,-1.0218649791792793
5.6000000000000005,0.3620787289866916,-1.0289425586172165
5.7,0.26510244832386476,-1.0259186141086407
5.800000000000001,0.1728859407926852,-1.0144147273567803
5.9,0.09631950652673169,-0.996602105579874
6.0,0.042316845650581025,-0.9750047756341502
6.1000000000000005,0.012151918286708224,-0.9522717885017719
6.2,0.001176897900983985,-0.9309387882664661
6.300000000000001,-9.801797974379536e-06,-0.9132002484071753
6.4,-0.003231475303411023,-0.9007127240180556
6.5,-0.019808092175525302,-0.8944466966526663
6.6000000000000005,-0.057754508132521934,-0.8946002465011409
6.7,-0.11978797165648213,-0.9005822624018246
6.800000000000001,-0.2026328334148293,-0.9110666872276947
6.9,-0.2977927648979369,-0.9241129494615319
7.0,-0.39360149463923494,-0.9373418182198368
7.1000000000000005,-0.47805004390715083,-0.9481509668473805
7.2,-0.541698328639164,-0.9539509818451031
7.300000000000001,-0.5799583374411703,-0.9524007262814793
7.4,-0.5941899542441933,-0.941621023229862
7.5,-0.59134119870599,-0.9203675601375004
7.6000000000000005,-0.5822210330717807,-0.8881475564888028
7.7,-0.5788276777880029,-0.845269759398501
7.800000000000001,-0.5913866205555653,-0.7928232862379423
7.9,-0.6258235785170143,-0.7325871881678306
8.0,-0.6822911792599934,-0.6668787958733893
8.1,-0.755110136741353,-0.5983543761718585
8.200000000000001,-0.8341393779448817,-0.5297798871057299
8.3,-0.9072397163729935,-0.46379228921193016
8.4,-0.9632279272051516,-0.40267271335961047
8.5,-0.9945980085405429,-0.34815172560340113
8.6,-0.9993434110123147,-0.3012640615888195
8.700000000000001,-0.9814341291568321,-0.2622657833558224
8.8,-0.9498318813789748,-0.23062123471486634
8.9,-0.916284528865376,-0.2050609358664013
9.0,-0.8924397652116851,-0.18370522059999278
9.1,-0.8869847712620594,-0.16424254633974245
9.200000000000001,-0.9035121688685837,-0.14414652312347348
9.3,-0.9396347803175509,-0.12091224860442142
9.4,-0.9875659452895784,-0.09229081132885195
9.5,-1.036023323888797,-0.056500987946318804
9.600000000000001,-1.0729900749682073,-0.012399197055247654
9.700000000000001,-1.088657379827023,0.040407498887527565
9.8,-1.0778278779002797,0.10151546483464295
9.9,-1.0411915648251904,0.16974976733667213
10.0,-0.9851617600335313,0.24325842093091973
10.100000000000001,-0.9203112924703579,0.31966721474303045
10.200000000000001,-0.8587917647433947,0.3962813156110395
10.3,-0.8113677301961926,0.47031566531492375
10.4,-0.7847918965161046,0.5391336170184106
10.5,-0.7801639707281802,0.6004725195964238
10.600000000000001,-0.7926749272057174,0.6526361239155755
10.700000000000001,-0.8127992770278861,0.6946366482566463
10.8,-0.8286433924411488,0.7262738362317166
10.9,-0.8288748943226607,0.7481439681270727
11.0,-0.8055158429062539,0.7615780429032624
11.100000000000001,-0.7559158147023373,0.768514674250814
11.200000000000001,-0.6834217380810121,0.771319075038555
11.3,-0.5965804361185181,0.7725643193430015
11.4,-0.507069067072855,0.7747944399177338
11.5,-0.4268601053484149,0.7802905405403302
11.600000000000001,-0.36531491460530285,0.7908608323128233
11.700000000000001,-0.32691744556332103,0.8076733648431332
11.8,-0.31020286411632225,0.8311464082966598
11.9,-0.3081433528346515,0.860906291359017
12.0,-0.30989656030914753,0.8958164733146661
12.100000000000001,-0.30348854748613635,0.9340752640841633
12.200000000000001,-0.2787742812729343,0.9733734726875558
12.3,-0.22995077120412766,1.0110979100923478
12.4,-0.1570074724824187,1.0445625750670429
12.5,-0.06575877208901298,1.0712468775016637
12.600000000000001,0.033549470514631294,1.0890196236875591
12.700000000000001,0.12871823590675147,1.0963287585467474
12.8,0.2085518086701727,1.0923399172796067
12.9,0.26556862300108003,1.0770114102468542
13.0,0.2978028560368259,1.0510989417759584
13.100000000000001,0.3092557513949282,1.0160896388886016
13.200000000000001,0.30888624811098203,0.9740712791334185
13.3,0.30838811851675163,0.9275483938421732
13.4,0.3192979227190661,0.8792216672636385
13.5,0.3501419257771541,0.8317503293915297
13.600000000000001,0.4043205830696798,0.7875187581371405
13.700000000000001,0.4792486155691575,0.7484281292234626
13.8,0.5669612830098815,0.7157317134994765
13.9,0.6560384848526865,0.6899285212684616
14.0,0.734375666874578,0.6707247800804448
14.100000000000001,0.7921231816290336,0.6570666719337608
14.200000000000001,0.824074505451314,0.6472413893339437
14.3,0.8309186514822888,0.6390374658726793
14.4,0.8190502001253568,0.6299500411510762
14.5,0.7989835112826954,0.6174127050439576
14.600000000000001,0.7827594249398342,0.5990351911203898
14.700000000000001,0.780979427773548,0.5728256656703953
14.8,0.8001934697648022,0.5373777339915541
14.9,0.8412810258286164,0.49200543652134254
15.0,0.8992218132337959,0.43681415259990675
15.100000000000001,0.96431233606854,0.3727010541737436
15.200000000000001,1.0245304357213045,0.3012850442501136
15.3,1.068468950956137,0.22477241329625258
15.4,1.0881202497350735,0.1457701884320297
15.5,1.080829903126909,0.06706382230583383
15.600000000000001,1.0499411909733585,-0.008620946367298502
15.700000000000001,1.0039726553225858,-0.0788508150026857
15.8,0.9545300749690212,-0.14169146059158574
15.9,0.9134640885264919,-0.19586948151944228
16.0,0.8899693812310443,-0.24087529908456073
16.1,0.8883356541227576,-0.2769978539445105
16.2,0.9069010114176409,-0.3052880252111373
16.3,0.9384640042052782,-0.32745406677863764
16.400000000000002,0.972053434923081,-0.34569842796990763
16.5,0.995622596154657,-0.36251056128667336
16.6,0.9990082798663119,-0.3804342512595779
16.7,0.9764300645387264,-0.4018302739531377
16.8,0.9279179400956097,-0.4286556133194192
16.900000000000002,0.85931870732275,-0.4622789810971682
17.0,0.7808795506286316,-0.5033491434807751
17.1,0.704755537258537,-0.5517278400666249
17.2,0.6420512531737075,-0.6064933100445612
17.3,0.6001208422673927,-0.666014132706214
17.400000000000002,0.5807874464190997,-0.7280868075571391
17.5,0.5799179395939316,-0.79012480478148
17.6,0.5884570231651277,-0.8493822181943037
17.7,0.5946674444662647,-0.9031920609107481
17.8,0.58702779703913,-0.9491979349558151
17.900000000000002,0.5570783597462626,-0.9855583968660684
18.0,0.5015181516018123,-1.011105779220539
18.1,0.4230397056241073,-1.0254452952163593
18.2,0.3296971135244678,-1.0289855865690227
18.3,0.2329619977701297,-1.0228979977749502
18.400000000000002,0.14494330713866543,-1.0090082252004497
18.5,0.07545155566792511,-0.9896300289548323
18.6,0.02962620938006698,-0.9673558695793983
18.7,0.006707045915929494,-0.9448231780569587
18.8,0.0002502269065923282,-0.9244771429277591
18.900000000000002,-0.0002638938131361186,-0.9083512080789686
19.0,-0.006824948988197202,-0.8978848913879247
19.1,-0.029926795235329873,-0.8937951992865322
19.200000000000003,-0.0759680066795469,-0.8960131233948035
19.3,-0.1456551503487567,-0.9036908904287143
19.400000000000002,-0.233799852508192,-0.9152793150562704
19.5,-0.33055941601146394,-0.928668341942904
19.6,-0.42381731645097076,-0.9413782173901234
19.700000000000003,-0.5021208219604747,-0.9507842070590184
19.8,-0.5574565771939568,-0.9543547783935163
19.900000000000002,-0.5871846628165445,-0.949881962312028
20.0,-0.5946576750003456,-0.9356833060772918
20.1,-0.5883733208213635,-0.9107573656945251
20.200000000000003,-0.5798680701750484,-0.8748788351580361
20.3,-0.580867636202173,-0.828624800753843
20.400000000000002,-0.600392008457703,-0.7733297598818794
20.5,-0.6425238879141225,-0.7109734060153015
20.6,-0.7053869466193476,-0.6440111861568083
20.700000000000003,-0.7815841250497236,-0.5751627480996883
20.8,-0.8599887094019069,-0.5071771554111695
20.900000000000002,-0.928449720578304,-0.44259582240606316
21.0,-0.9767492883254186,-0.3835343241763135
21.1,-0.9990879862081684,-0.33150254987376276
21.200000000000003,-0.9954896716208926,-0.2872792415942746
21.3,-0.9717819146516281,-0.250852102403956
21.400000000000002,-0.9381568418141217,-0.22142879930731743
21.5,-0.9066647811975337,-0.197517853538881
21.6,-0.8882543795247131,-0.17707216721075297
21.700000000000003,-0.890083897543607,-0.15768233977038112
21.8,-0.9137619926427457,-0.13680247975222132
21.900000000000002,-0.9549487230216772,-0.1119883142696523
22.0,-1.0044144743592105,-0.08112629990948145
22.1,-1.0502975559039425,-0.042633242312574995
22.200000000000003,-1.0810077330650498,0.004391434033947511
22.3,-1.088064812018047,0.060074394713757945
22.400000000000002,-1.0681772895880002,0.12374626487588501
22.5,-1.0240521364178958,0.19399066319290015
22.6,-0.9637374404914099,0.26876004711798385
22.700000000000003,-0.898658841293778,0.3455480480131224
22.8,-0.8408304867965446,0.421602928373613
22.900000000000002,-0.7999233473919228,0.4941631197183436
23.0,-0.7809086412859515,0.5606938269087948
23.1,-0.7828533149678637,0.6191035889283474
23.200000000000003,-0.7991624556322793,0.6679214760495421
23.3,-0.8192092496251446,0.7064191189561683
23.400000000000002,-0.830953378012571,0.7346666927288559
23.5,-0.8239067332738212,0.7535178775044309
23.6,-0.7917203016815307,0.7645251611510236
23.700000000000003,-0.7337588047820658,0.769793070815836
23.8,-0.6552775223808422,0.7717824639534475
23.900000000000002,-0.566157951398318,0.7730833802247667
24.0,-0.47851179957920353,0.7761767630437614
24.1,-0.4037398816486739,0.783206352767756
24.200000000000003,-0.3497659420622419,0.7957811438586736
24.3,-0.3191225981774582,0.814826067047772
24.400000000000002,-0.30835796684718764,0.8404942485963596
24.5,-0.3089081862038442,0.8721486970673192
24.6,-0.30922214043476004,0.9084150650584981
24.700000000000003,-0.2976181108541494,0.9473007831943104
24.8,-0.26517287413722734,0.986369933569946
24.900000000000002,-0.20793582320785664,1.0229582495147067
25.0,-0.12792594327006634,1.0544090428683988
25.1,-0.03266747417152198,1.078308989248107
25.200000000000003,0.06662212978851667,1.0927027131308062
25.3,0.1577483673453122,1.0962670069799674
25.400000000000002,0.23049504814418476,1.0884291230620684
25.5,0.27909534201336955,1.0694185710633246
25.6,0.30361359615171213,1.04024779299071
25.700000000000003,0.3098996784352764,1.002623438670632
25.8,0.3081270999338462,0.9587961630567866
25.900000000000002,0.31027290927911033,0.9113623568893736
26.0,0.3271564418079647,0.8630355145794454
26.1,0.36576201308199374,0.8164076541066938
26.200000000000003,0.4275011256587052,0.7737220910620028
26.3,0.5078397309631281,0.7366778534767984
26.400000000000002,0.5973818734218302,0.7062831964736762
26.5,0.6841444690908708,0.6827712886316462
26.6,0.756466337818026,0.6655855871778703
26.700000000000003,0.8058393185087322,0.6534361928911042
26.8,0.8289683715984435,0.644422134103099
26.900000000000002,0.8285563412658307,0.6362086388831385
27.0,0.812621295162021,0.6262435415532005
27.1,0.7925136329622775,0.611993472967604
27.200000000000003,0.7801184941842078,0.5911787158548794
27.3,0.7849284599445783,0.561985724905526
27.400000000000002,0.8117032968526375,0.523238305624446
27.5,0.8592897596986967,0.4745121381051548
27.6,0.9208904434940186,0.4161823920184282
27.700000000000003,0.9857158942555759,0.3494001552359715
27.8,1.0416155145174502,0.2759997568015683
27.900000000000002,1.0780431529608492,0.19834523745241933
28.0,1.0886313216389014,0.11912965621297489
28.1,1.0727438022576274,0.04114513421263361
28.200000000000003,1.0356265252852437,-0.03295584948309341
28.3,0.9871197936425052,-0.10088661405919724
28.400000000000002,0.9392471519996209,-0.16091971024599633
28.5,0.9032712352693919,-0.21203037896911078
28.6,0.8869374281872215,-0.2539772477381599
28.700000000000003,0.8925801813806327,-0.28731308350612517
28.8,0.9165556171594305,-0.31332466849346546
28.900000000000002,0.9501393325180144,-0.3339071965528063
29.0,0.9816695717291963,-0.3513844365153389
29.1,0.9994110273003514,-0.3682907531477023
29.200000000000003,0.9944380894526808,-0.3871344831418698
29.3,0.9628315990071366,-0.4101638286427107
29.400000000000002,0.9066512333312626,-0.43915620545250666
29.5,0.83344541926298,-0.4752498873712943
29.6,0.7544187279428887,-0.5188330093387415
29.700000000000003,0.6817053984401223,-0.5694998676870557
29.8,0.6254164847025265,-0.6260784436405323
29.900000000000002,0.5911835421718269,-0.6867267132569486
30.0,0.5788001971942004,-0.7490891616837057
30.1,0.5822941394955721,-0.8104995408428631
30.200000000000003,0.5914118578015526,-0.8682117779344841
30.3,0.5941525472875498,-0.9196384265343976
30.400000000000002,0.5797307412286843,-0.9625753772749165
30.5,0.541242250268732,-0.9953927714147973
30.6,0.4773806312081607,-1.0171750784871398
30.700000000000003,0.39278386869552895,-1.0277978390851596
30.8,0.2969263230200965,-1.02793423017581
30.900000000000002,0.2018271651245408,-1.0189908778596413
31.0,0.11913628366033183,-1.0029786613656497
31.1,0.05731106413780486,-0.982330057839344
31.200000000000003,0.019575190417964183,-0.9596793515419398
31.3,0.0031591514843499133,-0.9376253469791778
31.400000000000002,8.329498463357024e-06,-0.918497787023494
31.5,-0.0012147705349248583,-0.9041483447983116
31.6,-0.012324440574936105,-0.8957848616442753
31.700000000000003,-0.042688940770100436,-0.893863639090031
31.8,-0.09690660820287454,-0.8980494056029964
31.900000000000002,-0.17364994830139624,-0.9072465323544151
32.0,-0.26596079082716484,-0.9196987064206325
32.1,-0.3629243205958814,-0.9331481534014688
32.2,-0.4523121957417462,-0.9450401807335661
32.300000000000004,-0.5235476989998709,-0.9527547632975739
32.4,-0.5702670214778042,-0.9538444760120521
32.5,-0.5918496579700405,-0.9462575098722228
32.6,-0.593543288871273,-0.9285258390902466
32.7,-0.5851526408250982,-0.8999017187164007
32.800000000000004,-0.5786134045456294,-0.860430306409889
32.9,-0.585045263186433,-0.810951906705954
33.0,-0.6120056144241339,-0.7530336216136894
33.1,-0.6616164303371548,-0.6888364962153593
33.2,-0.7300229221614728,-0.6209300089334586
33.300000000000004,-0.8083166021657032,-0.5520704586764406
33.4,-0.8846967967069367,-0.4849630251059725
33.5,-0.9473414456642504,-0.42202873579710304
33.6,-0.9872843624589126,-0.3651971348933963
33.7,-1.0005945440329815,-0.3157431512236097
33.800000000000004,-0.9893239995021302,-0.27418271489866247
33.9,-0.9609920725091883,-0.24023642289687297
34.0,-0.9267325463298538,-0.21286447490736204
34.1,-0.8985572147597641,-0.19036973377802807
34.2,-0.8864059182872868,-0.17055967904498015
34.300000000000004,-0.8957053222202346,-0.15095276083912768
34.4,-0.9260341520233638,-0.12901069493901762
34.5,-0.9712216981237257,-0.10237592218620743
34.6,-1.0208554843643594,-0.06909299392135301
34.7,-1.0628289781266098,-0.027794080765628212
34.800000000000004,-1.086305577895754,0.02216799327970377
34.9,-1.0843731910257504,0.08065110207478549
35.0,-1.0557394649859617,0.14672571320337402
35.1,-1.0050526130841662,0.2187471860979765
35.2,-0.9417692743100895,0.2944920410817783
35.300000000000004,-0.8778465799361762,0.37134605341860893
35.4,-0.824823471013473,0.4465273967911088
35.5,-0.7910058399362119,0.5173249294029517
35.6,-0.7794446459051544,0.5813303628273401
35.7,-0.7872020029270185,0.6366435996682508
35.800000000000004,-0.8060848949375873,0.6820329222965045
35.9,-0.8246668429592334,0.717035747326249
36.0,-0.8311025103450592,0.7419909689077119
36.1,-0.816046090080291,0.758000024146242
36.2,-0.7749589055672643,0.7668201802087917
36.300000000000004,-0.7092411951983839,0.7706995962704092
36.4,-0.6259109289963033,0.7721689136382303
36.5,-0.5359082401111454,0.7738080096538419
36.6,-0.4514405488028107,0.7780087685280719
36.7,-0.38301832603648994,0.7867550770205629
36.800000000000004,-0.3369071837428306,0.8014397131525555
36.9,-0.3136200453714575,0.822734499477245
37.0,-0.30781850046018494,0.8505253333115727
37.1,-0.30964742773553194,0.8839179098773956
37.2,-0.3071760554921492,0.9213136382918619
37.300000000000004,-0.289347732092584,0.9605489789795553
37.4,-0.2487161281534137,0.9990857645584524
37.5,-0.18329787983873264,1.0342355107543828
37.6,-0.09708800777957326,1.0633976863568595
37.7,0.0008881554483082863,1.0842906629806004
37.800000000000004,0.09875448317361105,1.0951547179475438
37.9,0.1846614713029375,1.0949089586665446
38.0,0.24965713753101237,1.0832481515891463
38.1,0.2898485825007291,1.0606708056092424
38.2,0.30732506282910255,1.028435999256102
38.300000000000004,0.30961665062464594,0.9884528047859722
38.400000000000006,0.3078210930547141,0.9431121818552451
38.5,0.3138575558438033,0.8950763511504419
38.6,0.3375197029106819,0.8470444552255413
38.7,0.38404969274387696,0.801515430695237
38.800000000000004,0.4528271322308502,0.7605692637605497
38.900000000000006,0.5374940467107686,0.7256861576663173
39.0,0.6274853365190074,0.6976197529095357
39.1,0.7105900763646116,0.6763357114566887
39.2,0.7759166256251288,0.6610211363004312
39.300000000000004,0.8165356485092897,0.6501639690573446
39.400000000000006,0.8311539996441153,0.6416952562995591
39.5,0.8244097061478475,0.6331815583996405
39.6,0.805715878340677,0.6220502945951082
39.7,0.7869366514068123,0.6058278749404428
39.800000000000004,0.7794642170349141,0.5823693267053506
39.900000000000006,0.7914126351596124,0.5500588817116495
40.0,0.8256155210062281,0.50796358428575
40.1,0.8789178827453218,0.45592617530015256
40.2,0.9429355285760226,0.39458893138946255
40.300000000000004,1.0060961465045053,0.3253463053804709
40.400000000000006,1.0564623584535593,0.2502305733981775
40.5,1.0846455922231046,0.1717406779329416
40.6,1.0860973758526031,0.09262952986261741
40.7,1.0622170839988008,0.01566874279930168
40.800000000000004,1.0200049360739485,-0.05658821126287189
40.900000000000006,0.9703452152654424,-0.12202329523176181
41.0,0.9253400435020228,-0.17913226596745802
41.1,0.8953465006742047,-0.22714819390758237
41.2,0.8864425043060751,-0.26609913674653213
41.300000000000004,0.8989418865810808,-0.2967948424297223
41.400000000000006,0.9273222217480177,-0.32074369621582355
41.5,0.9615830626165977,-0.34000735747441524
41.6,0.9897020270963465,-0.357006097634585
41.7,1.0005873800683647,-0.37429225411063394
41.800000000000004,0.9868041928689603,-0.39431206276178526
41.900000000000006,0.9464065951811923,-0.4191771691146807
42.0,0.8834274903703319,-0.45046625350002756
42.1,0.8069058016305729,-0.4890745147037107
42.2,0.7286893764160466,-0.5351244810483848
42.300000000000004,0.6605514349159073,-0.5879461389399612
42.400000000000006,0.6113265135263027,-0.6461281762479533
42.5,0.5847670781583996,-0.707635784614017
42.6,0.5786455341682548,-0.7699845184200086
42.7,0.5853214403458957,-0.830454699868604
42.800000000000004,0.5936349986552945,-0.8863272368129325
42.900000000000006,0.591663170302905,-0.9351198062342633
43.0,0.5696635652899185,-0.9748023225600003
43.1,0.5224852768424015,-1.0039724593510384
43.2,0.4508563404894313,-1.0219755600754252
43.300000000000004,0.36123253707521275,-1.0289582400804265
43.400000000000006,0.26424449038637227,-1.0258509038472925
43.5,0.17212319482421173,-1.0142807501730762
43.6,0.09573422306249749,-0.9964230459769254
43.7,0.041946671152673254,-0.9748039624303945
43.800000000000004,0.011980942050526175,-0.9520725926060348
43.900000000000006,0.0011398138509732259,-0.930762521444952
44.0,-1.1438041650727038e-05,-0.9130642507732135
44.1,-0.0033048750537076135,-0.9006288111054512
44.2,-0.02004271563620401,-0.8944201048009002
44.300000000000004,-0.058199892898633476,-0.8946291707559632
44.400000000000006,-0.12044133678512732,-0.900658028195076
44.5,-0.20343949469035302,-0.911174540474604
44.6,-0.2986592602840535,-0.9242333944603792
44.7,-0.3944182070073409,-0.9374523837935325
44.800000000000004,-0.4787177828579336,-0.9482282429011416
44.900000000000006,-0.5421523639010398,-0.953972744347454
45.0,-0.5801840002609621,-0.9523479607658045
45.1,-0.5942259876224776,-0.9414796659673926
45.2,-0.5912700368254646,-0.9201298013413406
45.300000000000004,-0.5821483904408505,-0.8878125890203097
45.400000000000006,-0.5788564459591864,-0.8448439059686561
45.5,-0.5915914639640311,-0.7923194936034598
45.6,-0.6262324497956825,-0.7320239333565213
45.7,-0.6828782802371746,-0.6662785019856506
45.800000000000004,-0.7558020490021788,-0.5977414791043136
45.900000000000006,-0.834832862445495,-0.5291787257165795
46.0,-0.9078268245805071,-0.46322500721092336
46.1,-0.9636222760938984,-0.40215736015058656
46.2,-0.9947557867954921,-0.3477007255283298
46.300000000000004,-0.999273973746816,-0.3008831881073979
46.400000000000006,-0.9811975875177545,-0.2619537295841229
46.5,-0.9495242774877481,-0.23036981846993396
46.6,-0.9160142260557423,-0.20485592068004183
46.7,-0.8923008342955714,-0.18352767913781318
46.800000000000004,-0.8870338890003685,-0.16407064420598427
46.900000000000006,-0.9037546848811872,-0.14395756347704194
47.0,-0.9400233638804318,-0.1206847947111612
47.1,-0.9880121434389254,-0.09200669721103545
47.2,-1.03641920108032,-0.056147037284701024
47.300000000000004,-1.0732346361901346,-0.011968496558801722
47.400000000000006,-1.0886813078753586,0.040914885631354675
47.5,-1.0776105282431674,0.10209240703599315
47.6,-1.04076605706189,0.17038260851400355
47.7,-0.9846069192889132,0.243928104123436
47.800000000000004,-0.9197324136270466,0.3203508911496033
47.900000000000006,-0.858294908940011,0.3969542931948089
48.0,-0.8110338465145122,0.4709535235415103
48.1,-0.7846571045478099,0.5397142990517372
48.2,-0.7802108312822892,0.6009782152855302
48.300000000000004,-0.7928368381068936,0.653054775588979
48.400000000000006,-0.812976917445775,0.6949629450289299
48.5,-0.8287291892609934,0.7265096082107568
48.6,-0.8287795199635211,0.74829794550903
48.7,-0.805190256596473,0.7616650016681485
48.800000000000004,-0.7553634503124488,0.768554044957266
48.900000000000006,-0.682697854055279,0.7713331391682555
49.0,-0.5957787861879803,0.772576154479827
49.1,-0.506299154724524,0.7748257974738828
49.2,-0.4262205904283412,0.780359845757791
49.300000000000004,-0.3648696825044617,0.7909814853366464
49.400000000000006,-0.3266801975229593,0.8078524947591517
49.5,-0.31013400090438675,0.8313841915541523
49.6,-0.30815991418255045,0.8611958955734715
49.7,-0.309892785977827,0.8961446315716276
49.800000000000004,-0.30336202527175715,0.9344234285333332
49.900000000000006,-0.27845127937303304,0.9737194444587486
50.0,-0.5202455498287685,-0.03717577897485952
50.1,-0.13595298215857324,0.2143826238358968
50.2,0.29294863150133893,0.5638723844308957
50.300000000000004,0.5764148568157225,0.889707003007663
50.400000000000006,0.5928209337648906,1.078130187436173
50.5,0.34613457322370156,1.0629540311377847
50.6,-0.0359793227382352,0.8486812685685861
50.7,-0.36223056418515354,0.5089343369473207
50.800000000000004,-0.46769937273974804,0.1607400131725244
50.900000000000006,-0.2914294211229222,-0.07634726559019234
51.0,0.09487507782381824,-0.12200400785171961
51.1,0.5205449929295555,0.03680926919132088
51.2,0.7961870998223679,0.3413002459767574
51.300000000000004,0.802731664359814,0.6813909332214954
51.400000000000006,0.5474063819769279,0.9341803549364405
51.5,0.1603113206883426,1.006887636875067
51.6,-0.1667942100473057,0.8692742185410777
51.7,-0.2707033099689107,0.564219149355918
51.800000000000004,-0.09354364865199627,0.19275318354520649
51.900000000000006,0.2899817722580317,-0.12122033747242872
52.0,0.7077070675863204,-0.27419383899757627
52.1,0.9709552485865611,-0.21919825901538997
52.2,0.9632564986006071,0.017805476223036243
52.300000000000004,0.6951074017557313,0.34701222059551384
52.400000000000006,0.29901704966248777,0.6461616580141514
52.5,-0.03283003750484098,0.8032654918283264
52.6,-0.13897603333721054,0.7557468918480026
52.7,0.035360596614999795,0.5123196173207887
52.800000000000004,0.412508337201018,0.1499637606605319
52.900000000000006,0.8188619488316642,-0.21294547761441562
53.0,1.0665222931901475,-0.4579691410588138
53.1,1.0416601973752144,-0.5079578174343768
53.2,0.7580454705342403,-0.353981041398061
53.300000000000004,0.3505655566009767,-0.058425637377092624
53.400000000000006,0.011782115004007943,0.26681928437224767
53.5,-0.09863602986575509,0.499470016307082
53.6,0.0709915343180409,0.5495871320010552
53.7,0.4400513296569812,0.3910155804355328
53.800000000000004,0.8335518533289471,0.07054301255380611
53.900000000000006,1.0644283572309687,-0.3084229808990054
54.0,1.02152730919823,-0.6219567635842147
54.1,0.721890056427396,-0.7688843028900771
54.2,0.3027458511936778,-0.7061052938229728
54.300000000000004,-0.0430199756104957,-0.46362877554996773
54.400000000000006,-0.15757238987588046,-0.134069918546749
54.5,0.007653020542557953,0.15972289275120283
54.6,0.36912271963330845,0.30760184096489884
54.7,0.7505069110377205,0.250616267279852
54.800000000000004,0.9656260055844295,0.0016240595124504265
54.900000000000006,0.9060308092787596,-0.3591823596675043
55.0,0.5920260583211254,-0.7122725873633425
55.1,0.16314008991889853,-0.940517378335118
55.2,-0.18747713662969212,-0.970089725104115
55.300000000000004,-0.3038740837707911,-0.7962399950952435
55.400000000000006,-0.14062171222057113,-0.48494116475249494
55.5,0.21584381281979734,-0.14982945788240692
55.6,0.5878975357916314,0.08750428057469434
55.7,0.7902904317734922,0.14000107922693333
55.800000000000004,0.7173005780146439,-0.014443579850769717
55.900000000000006,0.392482154122916,-0.3252486043260516
56.0,-0.04238552703735152,-0.6868082969674214
56.1,-0.39395158160222776,-0.9753760469281005
56.2,-0.5082015669459263,-1.0922861909789656
56.300000000000004,-0.3428645550760083,-0.9984154210324685
56.400000000000006,0.012734840023955685,-0.727845390214594
56.5,0.37971612814864547,-0.37595378683299135
56.6,0.5738023177847389,-0.06609401478524779
56.7,0.4920174584381008,0.0934967679569158
56.800000000000004,0.1611470685615069,0.04750798819475904
56.900000000000006,-0.2748303204442768,-0.18712386545182524
57.0,-0.6224294358769041,-0.527133823043315
57.1,-0.7296285125320782,-0.8520185354734431
57.2,-0.5573388614274616,-1.0461358805372876
57.300000000000004,-0.19776057512895248,-1.0391074585049227
57.400000000000006,0.16900853457608764,-0.8304102096750894
57.5,0.3597032022617207,-0.4895665783504959
57.6,0.2741101412395979,-0.13186677488110743
57.7,-0.05777377080578075,0.1218959730075887
57.800000000000004,-0.48982385025818476,0.18761156805741863
57.900000000000006,-0.8284874209603161,0.04722378134678201
58.0,-0.9237905491108014,-0.24497443521193946
58.1,-0.7398498704960415,-0.5813201649059652
58.2,-0.37172675406309647,-0.8384042517832662
58.300000000000004,-0.0006970811982489056,-0.920196451039816
58.400000000000006,0.1910259841316584,-0.7916071115384657
58.5,0.10600896981394531,-0.4907612902994273
58.6,-0.22255926602100284,-0.11569755692672398
58.7,-0.6464597871776426,0.20986206418859096
58.800000000000004,-0.9721374847621008,0.37971351397321484
58.900000000000006,-1.0517185424791644,0.3422520277265822
59.0,-0.8525445620525558,0.1184798450509919
59.1,-0.4725203961783336,-0.20535026221883435
59.2,-0.09405739315556394,-0.5078857672923475
59.300000000000004,0.10172670867070804,-0.6750868864634489
59.400000000000006,0.02019808335658929,-0.6400848407223827
59.5,-0.3022790331756916,-0.40656219122863096
59.6,-0.7154400626536851,-0.047487771951101154
59.7,-1.0257883606738716,0.3203519094815038
59.800000000000004,-1.0875976638508302,0.5771279420740553
59.900000000000006,-0.8714488401694348,0.641807031908023
60.0,-0.4780670394036003,0.5004371026584388
60.1,-0.0909514133665073,0.21099955628228906
60.2,0.10992361708974924,-0.11686678638951098
60.300000000000004,0.032747915200928124,-0.3601870005513362
60.400000000000006,-0.2829512897505375,-0.4256298367183179
60.5,-0.6849077500417431,-0.2821318382346063
60.6,-0.9797388630130177,0.02823079790927438
60.7,-1.023907369023835,0.40492052196249195
60.800000000000004,-0.791241348905924,0.7240393915089693
60.900000000000006,-0.38525678063562696,0.881590964785725
61.0,0.009512869451314188,0.8297905512819259
61.1,0.2142896040797036,0.5937396511684918
61.2,0.1401157633802111,0.262639767448803
61.300000000000004,-0.17032617393893942,-0.04138509720329525
61.400000000000006,-0.562807316605825,-0.20596601796090547
61.5,-0.8441091719537719,-0.16775825368199848
61.6,-0.8729188888474706,0.06541598589146375
61.7,-0.6263134254355609,0.4172862537661692
61.800000000000004,-0.21056404248863964,0.7697643697880687
61.900000000000006,0.1888204582778661,1.0041839463345843
62.0,0.3943163659528047,1.0427428129917247
62.1,0.3198514582753347,0.8756713368608211
62.2,0.01125967890236898,0.56463598810969
62.300000000000004,-0.37530230667279585,0.22118921051588103
62.400000000000006,-0.6468255780019002,-0.0322063021389109
62.5,-0.6642520719278946,-0.10496356411891988
62.6,-0.4079041476805197,0.029978891414366438
62.7,0.013232012956389115,0.3266995511740435
62.800000000000004,0.4127353702924439,0.6823325837214258
62.900000000000006,0.6143976459784979,0.9729998661868204
63.0,0.5350676247470939,1.0970842899511526
63.1,0.22372924205623193,1.0107277368488319
63.2,-0.16156550453936666,0.7431532610300065
63.300000000000004,-0.4280599351432369,0.38645899433773034
63.400000000000006,-0.43897802631579785,0.06344905178690385
63.5,-0.17788090494627787,-0.11526098120800449
63.6,0.2435734389351133,-0.08987970370373444
63.7,0.638116805209586,0.12767983572713848
63.800000000000004,0.8309185791256912,0.4579693246118088
63.900000000000006,0.7417844835700582,0.7817673873356197
64.0,0.4228469975991511,0.981736644050804
64.10000000000001,0.0340211139617434,0.9834235945762231
64.2,-0.23223095984263192,0.7812788618707179
64.3,-0.24144175835761905,0.4406081466986759
64.4,0.019596184141277895,0.07477233790654175
64.5,0.4365964720582248,-0.19439859742178356
64.60000000000001,0.8215083209493201,-0.27914941212967426
64.7,1.0009396066073446,-0.156439330059783
64.8,0.8976867995491862,0.12402555733219991
64.9,0.5670270304927039,0.45717315503750855
65.0,0.17070360624316377,0.7192878106298368
65.10000000000001,-0.09915996368902952,0.8112460911875277
65.2,-0.11043296866730828,0.6931623443821737
65.3,0.14686634382998598,0.3983413052600606
65.4,0.5558644967614795,0.021663653257025697
65.5,0.9277898621038896,-0.31353827110692783
65.60000000000001,1.0907459425321118,-0.49854337536134574
65.7,0.9705494171101321,-0.47720028851344276
65.8,0.62561357387863,-0.2655214642488272
65.9,0.2194709212771807,0.053931817114236606
66.0,-0.05614196464077259,0.3609120140985146
66.10000000000001,-0.0714629508677676,0.5395128786414314
66.2,0.18026615117090872,0.5186805117558322
66.3,0.5796222224744702,0.2970561888642491
66.4,0.9371699723058463,-0.05652741293867768
66.5,1.0825603443196574,-0.42706998610846375
66.60000000000001,0.9446538103058675,-0.6935552215478148
66.7,0.5849853008665182,-0.77120422924242
66.8,0.16883167598024112,-0.6410704678017549
66.9,-0.11251086463899329,-0.3566378744941809
67.0,-0.13168530727701716,-0.02511733021940732
67.10000000000001,0.11484058658607832,0.23002480755977617
67.2,0.5051267249538974,0.3122161933749532
67.3,0.8491260006041539,0.18553259819178647
67.4,0.9780826353984791,-0.11273469656445576
67.5,0.8239180748532134,-0.485088412756315
67.60000000000001,0.4512679627865735,-0.8078671431161375
67.7,0.02710265986722188,-0.9744278107592059
67.8,-0.25778079828641093,-0.9323838852134039
67.9,-0.278471796436037,-0.7018910129459153
68.0,-0.03467087226181875,-0.36859240178428504
68.10000000000001,0.3491930165109326,-0.05368837358057604
68.2,0.6825077840341227,0.12841431650277269
68.3,0.798151240712793,0.1100790530772871
68.4,0.6311171625484755,-0.10592316862709455
68.5,0.24911527175495582,-0.4473726479110838
68.60000000000001,-0.17924658670575488,-0.7978213092949156
68.7,-0.4637337209027118,-1.0372642918616417
68.8,-0.48192686944059365,-1.0840550586480353
68.9,-0.23676945016619794,-0.923421887567881
69.0,0.14484551909770277,-0.6126241256438975
69.10000000000001,0.47178416268780937,-0.26094698843036623
69.2,0.5785941252861708,0.008476696102399539
69.3,0.40334861381042875,0.10168103150010355
69.4,0.016800760740689563,-0.013308334918954445
69.5,-0.41086351678573685,-0.2953061119678456
69.60000000000001,-0.6900375851352418,-0.6443571116746282
69.7,-0.7008402362697752,-0.9366570845455549
69.8,-0.44946915223327527,-1.067805781542015
69.9,-0.06525784847431723,-0.9892826921380058
70.0,0.26017966799250974,-0.7254034194248624
70.10000000000001,0.3630952380218607,-0.3648333256929855
70.2,0.18464658717723825,-0.02962295678327942
70.3,-0.20140213991797765,0.16741795962194078
70.4,-0.6233474070758075,0.16211747742277566
70.5,-0.8922764946593728,-0.038653108747462195
70.60000000000001,-0.8908922716049243,-0.359392151021056
70.7,-0.6286569127101167,-0.6823559600621163
70.8,-0.23731966668221366,-0.8887043110753376
70.9,0.09106790943955873,-0.9000297994333072
71.0,0.19449679312037998,-0.7057636095869053
71.10000000000001,0.01721477518560155,-0.36688403420119803
71.2,-0.3640346387811534,0.005367790223104352
71.3,-0.7760893142259505,0.28832976835282353
71.4,-1.0307939848836325,0.3907498083326525
71.5,-1.0134785162316415,0.2846438200946546
71.60000000000001,-0.7368762605635357,0.015051881744107931
71.7,-0.3351238907894733,-0.31571548689037476
71.8,-0.0006647135552875771,-0.5838376638375784
71.9,0.10626915528749703,-0.6872587114306254
72.0,-0.06697621621695227,-0.5813594299990699
72.10000000000001,-0.4407067072629485,-0.294565351724759
72.2,-0.8403570707720112,0.08156169968528806
72.3,-1.07858868227297,0.4242872337635572
72.4,-1.043396264596459,0.6225571426300337
72.5,-0.7507856229481404,0.6157704259829706
72.60000000000001,-0.33724722868543694,0.4149272175583962
72.7,0.004434560458144277,0.09876455308842376
72.8,0.11584672401708562,-0.21377017890376074
72.9,-0.05255401437920443,-0.40509223430928054
73.0,-0.4181473475195929,-0.40007626153307385
73.10000000000001,-0.8050155513116196,-0.19232047149115533
73.2,-1.0266902708102732,0.15359665249649943
73.3,-0.9738627943287155,0.524655489550462
73.4,-0.6658062749775575,0.7988567425155553
73.5,-0.24132519378987996,0.887820250793477
73.60000000000001,0.10651136147044182,0.7676402114452592
73.7,0.22115668100069313,0.48721823839209266
73.8,0.0561951847155725,0.15116332719649925
73.9,-0.3028463610296675,-0.11676769707583062
74.0,-0.6787432709051311,-0.2169179039844782
74.10000000000001,-0.8859453795643595,-0.10855843979650631
74.2,-0.8178660790840238,0.17586935635642467
74.3,-0.4970345019201306,0.5420731190502319
74.4,-0.06452343701052707,0.8668358291409416
74.5,0.28637486401248025,1.041047294752535
74.60000000000001,0.4010317471610002,1.0078086357630123
74.7,0.2361804228703342,0.7822988061912548
74.8,-0.11976162659134568,0.44646323137964133
74.9,-0.488303978247328,0.12037999410255046
75.0,-0.684857810843686,-0.07969379561316559
75.10000000000001,-0.6055790498882987,-0.08193981967065378
75.2,-0.27623635689467735,0.11592842739508114
75.3,0.15987948732613488,0.44586314229568913
75.4,0.5093184713199642,0.7932505858142906
75.5,0.619424766978449,1.036947354833924
75.60000000000001,0.4501039299342393,1.0915987359093071
75.7,0.09265072366080833,0.9374561232791256
75.8,-0.27321737955658454,0.6272774179520851
75.9,-0.4639131320677207,0.2678998958341275
76.0,-0.37835224046569826,-0.01707733458905364
76.10000000000001,-0.045523375079448175,-0.13046520332746186
76.2,0.38911753061756893,-0.03542971422287905
76.3,0.7320297873947662,0.23164781814835375
76.4,0.8325859719310219,0.5738877634063564
76.5,0.6538877392441932,0.8677639700498142
76.60000000000001,0.2900937093026886,1.006264931707146
76.7,-0.07789008306983758,0.9362868630174199
76.80000000000001,-0.26751763804381345,0.6771961807403535
76.9,-0.18048091560902646,0.314076951901548
77.0,0.1510315537598901,-0.031977862122128
77.10000000000001,0.5794515769998505,-0.24615327629442263
77.2,0.9112140615677444,-0.26000528280904806
77.30000000000001,0.997773888283114,-0.07535438141657042
77.4,0.8054502859570294,0.23636701855681985
77.5,0.4312498538500498,0.5590853116444263
77.60000000000001,0.05722646117347413,0.7726514932281983
77.7,-0.1351566830117535,0.7948311952496512
77.80000000000001,-0.050385894972405365,0.6100505867880344
77.9,0.2761688262033274,0.27485632174454255
78.0,0.6948776166237826,-0.10181783206840275
78.10000000000001,1.0122141278622396,-0.39668429823605655
78.2,1.0817654969793986,-0.5151488546529359
78.30000000000001,0.8730855165622377,-0.42433409338272216
78.4,0.4860083007644178,-0.16454318539441012
78.5,0.10369052070169937,0.164840619524032
78.60000000000001,-0.09353280981937712,0.44009299372431315
78.7,-0.012964021303603135,0.556390647126524
78.80000000000001,0.30686019785873436,0.4644507880055487
78.9,0.7142948175794632,0.1877686571959804
79.0,1.0159105593589155,-0.18556848499128623
79.10000000000001,1.0674712234658668,-0.5336313631225408
79.2,0.8417761801923112,-0.7432208745748993
79.30000000000001,0.44146062659924323,-0.7493908240236659
79.4,0.0507334295610542,-0.5581148286623608
79.5,-0.15124902030283693,-0.24417924369333743
79.60000000000001,-0.07463133914399561,0.07496177937903042
79.7,0.23889330668120293,0.28023587153974
79.80000000000001,0.6357062919598457,0.29256681461189427
79.9,0.9225281769212685,0.10051655564593426
80.0,0.9573376746020859,-0.2357013295743665
80.10000000000001,0.7161842887207424,-0.6052387867265575
80.2,0.3044715499822519,-0.8853191945664699
80.30000000000001,-0.0925958788746919,-0.984110990711686
80.4,-0.29709577857841957,-0.8727920600665922
80.5,-0.22204591576246568,-0.5956039100514005
80.60000000000001,0.08770984191929176,-0.2543834555071056
80.7,0.4766161593446874,0.027024060715627296
80.80000000000001,0.7515910144141507,0.14603938951658907
80.9,0.7728606179966249,0.05719384502263547
81.0,0.519723327587117,-0.21197744430359705
81.10000000000001,0.10031269321663841,-0.5705455971087552
81.2,-0.29923214426593825,-0.895944304075357
81.30000000000001,-0.5022828148433682,-1.0767790377666322
81.4,-0.4247645979950636,-1.0517346755799486
81.5,-0.11466952545403836,-0.83098999795404
81.60000000000001,0.27054385021404687,-0.4926583731007904
81.7,0.5380347071775442,-0.15549800842057837
81.80000000000001,0.5503051723700789,0.06257513083354738
81.9,0.2898969454264435,0.08567910098592424
82.0,-0.13236857767679563,-0.09352701703858779
82.10000000000001,-0.529482213194261,-0.41128054800781644
82.2,-0.726171364637309,-0.7549922607562081
82.30000000000001,-0.6413047292208918,-1.0025809969682866
82.4,-0.326021186502649,-1.0651251629482077
82.5,0.06034967183139231,-0.9179316786338543
82.60000000000001,0.3252503498150052,-0.6091690909143062
82.7,0.3334853438129111,-0.2430490386206933
82.80000000000001,0.07083221628238645,0.05656875296433295
82.9,-0.34924350153051387,0.18943414836106626
83.0,-0.7389277662783263,0.11391582328147654
83.10000000000001,-0.9243655215273234,-0.13846766951771305
83.2,-0.8274039034084825,-0.47407107940465437
83.30000000000001,-0.50232610486137,-0.7698491363432123
83.4,-0.11029944474486819,-0.9163543240849767
83.5,0.15644483159632894,-0.8559853525586932
83.60000000000001,0.16504054407658558,-0.6031249993794292
83.7,-0.09550585495799707,-0.2391325529424727
83.80000000000001,-0.5091274699845234,0.11605990109591402
83.9,-0.8872688598660796,0.3458251591967286
84.0,-1.057551668022475,0.37756351205171257
84.10000000000001,-0.9448331912444443,0.2080447559785755
84.2,-0.6065348098191584,-0.09548304219778458
84.30000000000001,-0.20562479714477522,-0.4188053011646094
84.4,0.06603785683401175,-0.6406598190583873
84.5,0.07794598662140417,-0.6751179360668133
84.60000000000001,-0.17766934115652722,-0.501622954329776
84.7,-0.5821795572380054,-0.1721924782004041
84.80000000000001,-0.9463474820166256,0.20673136302380268
84.9,-1.0993260028100706,0.5114436241878261
85.0,-0.9690090738547261,0.6441685850116441
85.10000000000001,-0.6159447108771567,0.5671939541261409
85.2,-0.20486016800283263,0.31602323105381663
85.30000000000001,0.07280855340142317,-0.013048218246248008
85.4,0.08894728972563604,-0.2965932842036123
85.5,-0.16098838504530716,-0.42719093207902337
85.60000000000001,-0.5558434578662361,-0.3509723820261285
85.7,-0.9057535863879345,-0.0864596375715933
85.80000000000001,-1.041451658289982,0.2818845289964402
85.9,-0.8938885039082505,0.6331420092835804
86.0,-0.5267208675432317,0.8521601491603314
86.10000000000001,-0.10638700424231673,0.8697590085213057
86.2,0.1761562194181142,0.6868795850071705
86.30000000000001,0.19522649517982998,0.37423737818385183
86.4,-0.05049157519385644,0.0476023584652463
86.5,-0.43734695771390997,-0.17265919849360511
86.60000000000001,-0.7748974103052431,-0.2036477697452576
86.7,-0.8954986858484912,-0.02890465990832053
86.80000000000001,-0.7331724589715117,0.29582442221047867
86.9,-0.3546601027431075,0.6620497035579496
87.0,0.07194281897553068,0.9464235798143477
87.10000000000001,0.35621971516986484,1.0538180211460908
87.2,0.37496331751849205,0.9505450022042334
87.30000000000001,0.13009575782088445,0.6761151307259573
87.4,-0.25226227888221575,0.32942687138575777
87.5,-0.5811354665816127,0.03421088779913084
87.60000000000001,-0.6905403783058982,-0.10419919286696727
87.7,-0.5175783525690234,-0.03566836065880041
87.80000000000001,-0.13204632028099003,0.21722171575665983
87.9,0.2963609139503773,0.5670577210363468
88.0,0.5778317287001796,0.8921283584307474
88.10000000000001,0.5916798757642163,1.0789403664412254
88.2,0.34307587986883,1.0618648221548936
88.30000000000001,-0.03941394262649402,0.846064137266
88.4,-0.36432333508465414,0.5056906851476379
88.5,-0.46736460509284383,0.15798632534943946
88.60000000000001,-0.28872438161385233,-0.07766940092761654
88.7,0.09877684928812136,-0.12145677124081505
88.80000000000001,0.5239053707200263,0.03900704532092536
88.9,0.7975205979345562,0.34434959091960504
89.0,0.8015038463619903,0.6841919194946782
89.10000000000001,0.5442849830417478,0.935716421335339
89.2,0.15685197567145115,1.0065807977691614
89.30000000000001,-0.1688798249220656,0.8671870743455746
89.4,-0.27035271686975804,0.5610331298507051
89.5,-0.0908434719739718,0.18953062399739776
89.60000000000001,0.29383635107765727,-0.12340717402474205
89.7,0.7109742357276692,-0.2746372004271777
89.80000000000001,0.9721655860302608,-0.21780200188352533
89.9,0.9619039014077408,0.02049244780560988
90.0,0.6918869528495264,0.34998785581291075
90.10000000000001,0.29549796316106447,0.6483209630273749
90.2,-0.03494257864629935,0.8037866996770089
90.30000000000001,-0.13864297674226328,0.7543786979060559
90.4,0.038023376471264914,0.5094691402755197
90.5,0.41628443467134907,0.14655450128249603
90.60000000000001,0.8220064318447007,-0.2157960612653431
90.7,1.0675822945212912,-0.45933981018556047
90.80000000000001,1.0401581557368131,-0.507445181377515
90.9,0.754703682687424,-0.35184028507911924
91.0,0.34696643025322893,-0.055481187637470245
91.10000000000001,0.009623910962513527,0.2694619462437145
91.2,-0.09833793012367581,0.500810723203744
91.30000000000001,0.0736008893558796,0.5490806106271122
91.4,0.443734692224226,0.38876212323012527
91.5,0.836561698400734,0.06725363424188076
91.60000000000001,1.0653288087961656,-0.31167473078909247
91.7,1.019869505920311,-0.6241096336839731
91.80000000000001,0.71842332154362,-0.7692598789693827
91.9,0.29906534999108425,-0.7046448043237815
92.0,-0.04522337873722709,-0.4609134411503154
92.10000000000001,-0.15730727105860043,-0.13111773751883232
92.2,0.010212474663050697,0.16181293422380255
92.30000000000001,0.3727187583232239,0.30803384550521
92.4,0.7533898942639303,0.24917562059929466
92.5,0.9663774329474809,-0.0012474394200457373
92.60000000000001,0.9042306193537648,-0.3625406780971391
92.7,0.5884503567083126,-0.7150010889202028
92.80000000000001,0.15939631099572232,-0.9417167549715479
92.9,-0.18970604556699816,-0.969392016706665
93.0,-0.3036209844316951,-0.793937001023656
93.10000000000001,-0.13808993273160003,-0.48188238977884024
93.2,0.21937631699509552,-0.14712524325066567
93.30000000000001,0.5906794422803514,0.08887073582623506
93.4,0.7909209503499448,0.1395172743038851
93.5,0.7153884951234976,-0.0166403283481924
93.60000000000001,0.38883006335503956,-0.3284190518327296
93.7,-0.046158455579824786,-0.6898694400054133
93.80000000000001,-0.3961708761932494,-0.9772793860801344
93.9,-0.5079247345159817,-1.0923839497961845
94.0,-0.3403240972925676,-0.9966867902070358
94.10000000000001,0.016241031627780657,-0.724903763524843
94.2,0.3824354484750657,-0.3728324612210713
94.30000000000001,0.5743519846509388,-0.06388521575450173
94.4,0.4900351161977179,0.0940234367741995
94.5,0.1574614691697527,0.04617438474539037
94.60000000000001,-0.2785888335421243,-0.1898422060908933
94.7,-0.624595446167618,-0.5302738309159813
94.80000000000001,-0.7292845462193546,-0.8544660674694908
94.9,-0.5547466366602518,-1.0470149657456675
95.0,-0.19423766205505774,-1.0380863524879735
95.10000000000001,0.17170863360261487,-0.8278173439687658
95.2,0.36021599373999313,-0.4862759005406697
95.30000000000001,0.27210211957363173,-0.128992533088861
95.4,-0.061448039632831825,0.12338838086908954
95.5,-0.4935234198706529,0.18724273892535997
95.60000000000001,-0.8305565095571419,0.04516767146798906
95.7,-0.9233370691038708,-0.2479513909632115
95.80000000000001,-0.7371647886914786,-0.5841269111965766
95.9,-0.36814705124607133,-0.8400063776096421
96.0,0.002023236144605589,-0.9199776740581734
96.10000000000001,0.19154099647413964,-0.7895847047227611
96.2,0.10401401781893199,-0.48758019584421136
96.30000000000001,-0.2261841393849887,-0.11240524320793102
96.4,-0.6500635890906664,0.2121813540375837
96.5,-0.9740746256969948,0.38031735477446443
96.60000000000001,-1.0511226593578886,0.3409989933434569
96.7,-0.8497358706009968,0.11587873886076352
96.80000000000001,-0.4688549885812445,-0.20831832465224476
96.9,-0.09128935892896456,-0.510110271259611
97.0,0.10227033384905204,-0.6757160370220232
97.10000000000001,0.018241506213732217,-0.638823305916555
97.2,-0.30583060333806056,-0.4037744588780434
97.30000000000001,-0.7189261105471587,-0.04407101403557255
97.4,-1.0275740067058283,0.32328105318822464
97.5,-1.0868425618867974,0.5786232461132054
97.60000000000001,-0.8685024067730218,0.6414230364299451
97.7,-0.4743041320630262,0.4983845331719332
97.80000000000001,-0.08812574076996899,0.20807151974944804
97.9,0.11050425154746452,-0.11957204680669412
98.0,0.030836640914425006,-0.3616499418743296
98.10000000000001,-0.2864243690074125,-0.425265958102264
98.2,-0.6882730764419152,-0.27999604752478524
98.30000000000001,-0.9813727340768876,0.03146318459164568
98.4,-1.0229956925874655,0.4081895106645523
98.5,-0.7881626375050749,0.7262704239369939
98.60000000000001,-0.3814042567775834,0.8820701239836666
98.7,0.012386390772351652,0.8284137897806192
98.80000000000001,0.2148959439756244,0.5910489794514846
98.9,0.13823707155369375,0.25963376145838374
99.0,-0.17373512906265554,-0.04360027395870891
99.10000000000001,-0.5660683683265528,-0.20656316931339908
99.2,-0.8456102104833267,-0.16647824762438024
99.30000000000001,-0.8718722576575498,0.06817356864195112
99.4,-0.6231265726245758,0.4206025859275578
99.5,-0.20664810352757942,0.7725222391520152
99.60000000000001,0.19171412042461272,1.0054579269595703
99.7,0.3949196283318283,1.0421224481859084
99.80000000000001,0.31797562400348034,0.8734044370779794
99.9,0.007883986741702653,0.5615419858964027
